"Player Name","Week","RUATT","RUYD","RUTD","RECPT","REYD","RETD","FPTS"
"Ezekiel Elliott","1","22","96","1","3","31","1","24"
"Ezekiel Elliott","2","22","89","1","6","33","0","15"
"Ezekiel Elliott","3","14","34","1","6","24","0","11"
"Ezekiel Elliott","4","12","54","0","8","71","0","12"
"Ezekiel Elliott","5","19","91","2","1","14","0","22"
"Ezekiel Elliott","6","12","49","0","8","31","0","3"
"Ezekiel Elliott","7","12","45","0","1","6","0","4"
"Ezekiel Elliott","8","19","63","0","1","10","0","7"
"Ezekiel Elliott","9","18","51","0","2","18","0","6"
"Ezekiel Elliott","10","0","0","0","0","0","0","0"
"Ezekiel Elliott","11","21","103","0","2","11","1","17"
"Ezekiel Elliott","12","10","32","0","1","7","0","1"
"Ezekiel Elliott","13","18","77","0","4","18","0","8"
"Ezekiel Elliott","14","12","48","0","2","11","0","5"
"Ezekiel Elliott","15","0","0","0","0","0","0","0"
"Ezekiel Elliott","16","19","105","0","4","34","0","13"
"Ezekiel Elliott","17","14","42","1","3","19","0","11"
"Christian Mccaffrey","1","23","97","2","3","38","0","24"
"Christian Mccaffrey","2","18","59","2","4","29","0","19"
"Christian Mccaffrey","3","0","0","0","0","0","0","0"
"Christian Mccaffrey","4","0","0","0","0","0","0","0"
"Christian Mccaffrey","5","0","0","0","0","0","0","0"
"Christian Mccaffrey","6","0","0","0","0","0","0","0"
"Christian Mccaffrey","7","0","0","0","0","0","0","0"
"Christian Mccaffrey","8","0","0","0","0","0","0","0"
"Christian Mccaffrey","9","18","69","1","10","82","1","26"
"Christian Mccaffrey","10","0","0","0","0","0","0","0"
"Christian Mccaffrey","11","0","0","0","0","0","0","0"
"Christian Mccaffrey","12","0","0","0","0","0","0","0"
"Christian Mccaffrey","13","0","0","0","0","0","0","0"
"Christian Mccaffrey","14","0","0","0","0","0","0","0"
"Christian Mccaffrey","15","0","0","0","0","0","0","0"
"Christian Mccaffrey","16","0","0","0","0","0","0","0"
"Christian Mccaffrey","17","0","0","0","0","0","0","0"
"Nick Chubb","1","10","60","0","1","6","0","4"
"Nick Chubb","2","22","124","2","1","9","0","24"
"Nick Chubb","3","19","108","2","1","2","0","22"
"Nick Chubb","4","6","43","0","0","0","0","4"
"Nick Chubb","5","0","0","0","0","0","0","0"
"Nick Chubb","6","0","0","0","0","0","0","0"
"Nick Chubb","7","0","0","0","0","0","0","0"
"Nick Chubb","8","0","0","0","0","0","0","0"
"Nick Chubb","9","0","0","0","0","0","0","0"
"Nick Chubb","10","19","126","1","0","0","0","18"
"Nick Chubb","11","20","114","0","0","0","0","11"
"Nick Chubb","12","19","144","1","3","32","0","23"
"Nick Chubb","13","18","80","1","1","26","0","16"
"Nick Chubb","14","17","82","2","2","21","0","22"
"Nick Chubb","15","15","50","1","2","16","0","12"
"Nick Chubb","16","11","28","1","5","38","0","11"
"Nick Chubb","17","14","108","1","0","0","0","16"
"Derrick Henry","1","31","116","0","3","15","0","12"
"Derrick Henry","2","25","84","0","0","0","0","8"
"Derrick Henry","3","26","119","2","2","11","0","24"
"Derrick Henry","4","0","0","0","0","0","0","0"
"Derrick Henry","5","19","57","2","1","6","0","17"
"Derrick Henry","6","22","212","2","2","52","0","38"
"Derrick Henry","7","20","75","1","2","-3","0","13"
"Derrick Henry","8","18","112","1","0","0","0","17"
"Derrick Henry","9","21","68","0","0","0","0","6"
"Derrick Henry","10","19","103","0","1","6","0","10"
"Derrick Henry","11","28","133","1","1","-1","0","19"
"Derrick Henry","12","27","178","3","2","7","0","35"
"Derrick Henry","13","15","60","0","1","9","0","4"
"Derrick Henry","14","26","215","2","2","7","0","33"
"Derrick Henry","15","24","147","1","2","5","0","22"
"Derrick Henry","16","23","98","0","0","0","0","9"
"Derrick Henry","17","34","250","2","0","0","0","35"
"Mark Ingram","1","10","29","0","0","0","0","2"
"Mark Ingram","2","9","55","1","2","22","0","13"
"Mark Ingram","3","7","30","0","0","0","0","3"
"Mark Ingram","4","8","34","1","1","3","0","9"
"Mark Ingram","5","11","57","0","0","0","0","5"
"Mark Ingram","6","5","20","0","0","0","0","2"
"Mark Ingram","7","0","0","0","0","0","0","0"
"Mark Ingram","8","0","0","0","0","0","0","0"
"Mark Ingram","9","0","0","0","0","0","0","0"
"Mark Ingram","10","5","5","0","2","24","0","2"
"Mark Ingram","11","2","2","0","0","0","0","0"
"Mark Ingram","12","0","0","0","0","0","0","0"
"Mark Ingram","13","6","28","0","1","1","0","2"
"Mark Ingram","14","0","0","0","0","0","0","0"
"Mark Ingram","15","0","0","0","0","0","0","0"
"Mark Ingram","16","0","0","0","0","0","0","0"
"Mark Ingram","17","9","39","0","0","0","0","3"
"Devin Singletary","1","9","30","0","5","23","0","5"
"Devin Singletary","2","10","56","0","2","20","0","7"
"Devin Singletary","3","13","71","0","4","50","0","12"
"Devin Singletary","4","18","56","1","5","21","0","13"
"Devin Singletary","5","11","25","0","1","8","0","2"
"Devin Singletary","6","10","32","0","1","13","0","4"
"Devin Singletary","7","8","29","0","2","18","0","3"
"Devin Singletary","8","14","86","0","1","6","0","8"
"Devin Singletary","9","2","1","0","3","33","0","3"
"Devin Singletary","10","4","15","0","1","-5","0","1"
"Devin Singletary","11","0","0","0","0","0","0","0"
"Devin Singletary","12","11","82","0","3","20","0","8"
"Devin Singletary","13","18","61","0","3","22","0","8"
"Devin Singletary","14","7","32","0","1","2","0","3"
"Devin Singletary","15","8","68","1","3","16","0","13"
"Devin Singletary","16","10","36","0","2","16","0","4"
"Devin Singletary","17","3","7","0","1","6","0","0"
"Phillip Lindsay","1","7","24","0","1","11","0","3"
"Phillip Lindsay","2","0","0","0","0","0","0","0"
"Phillip Lindsay","3","0","0","0","0","0","0","0"
"Phillip Lindsay","4","0","0","0","0","0","0","0"
"Phillip Lindsay","5","0","0","0","0","0","0","0"
"Phillip Lindsay","6","23","101","0","0","0","0","10"
"Phillip Lindsay","7","9","79","0","0","0","0","7"
"Phillip Lindsay","8","6","83","1","1","3","0","14"
"Phillip Lindsay","9","8","23","0","0","0","0","2"
"Phillip Lindsay","10","4","2","0","0","0","0","0"
"Phillip Lindsay","11","16","82","0","0","0","0","8"
"Phillip Lindsay","12","9","20","0","0","0","0","2"
"Phillip Lindsay","13","14","26","0","0","0","0","2"
"Phillip Lindsay","14","11","24","0","2","7","0","2"
"Phillip Lindsay","15","11","38","0","3","7","0","3"
"Phillip Lindsay","16","0","0","0","0","0","0","0"
"Phillip Lindsay","17","0","0","0","0","0","0","0"
"Tony Jones","1","0","0","0","0","0","0","0"
"Tony Jones","2","0","0","0","0","0","0","0"
"Tony Jones","3","0","0","0","0","0","0","0"
"Tony Jones","4","0","0","0","0","0","0","0"
"Tony Jones","5","0","0","0","0","0","0","0"
"Tony Jones","6","0","0","0","0","0","0","0"
"Tony Jones","7","0","0","0","0","0","0","0"
"Tony Jones","8","0","0","0","0","0","0","0"
"Tony Jones","9","0","0","0","0","0","0","0"
"Tony Jones","10","0","0","0","0","0","0","0"
"Tony Jones","11","0","0","0","0","0","0","0"
"Tony Jones","12","0","0","0","0","0","0","0"
"Tony Jones","13","0","0","0","0","0","0","0"
"Tony Jones","14","0","0","0","0","0","0","0"
"Tony Jones","15","0","0","0","0","0","0","0"
"Tony Jones","16","0","0","0","0","0","0","0"
"Tony Jones","17","3","13","0","0","0","0","1"
"Miles Sanders","1","0","0","0","0","0","0","0"
"Miles Sanders","2","20","95","1","3","36","0","16"
"Miles Sanders","3","18","95","0","4","12","0","10"
"Miles Sanders","4","13","46","0","2","30","0","7"
"Miles Sanders","5","11","80","2","2","19","0","21"
"Miles Sanders","6","9","118","0","1","-6","0","11"
"Miles Sanders","7","0","0","0","0","0","0","0"
"Miles Sanders","8","0","0","0","0","0","0","0"
"Miles Sanders","9","0","0","0","0","0","0","0"
"Miles Sanders","10","15","85","0","2","10","0","11"
"Miles Sanders","11","16","66","0","3","15","0","5"
"Miles Sanders","12","6","15","0","2","7","0","3"
"Miles Sanders","13","10","31","0","0","0","0","3"
"Miles Sanders","14","14","115","2","4","21","0","25"
"Miles Sanders","15","17","64","0","1","26","0","8"
"Miles Sanders","16","15","57","1","4","27","0","13"
"Miles Sanders","17","0","0","0","0","0","0","0"
"Tevin Coleman","1","4","18","0","1","6","0","1"
"Tevin Coleman","2","14","12","0","2","28","0","3"
"Tevin Coleman","3","0","0","0","0","0","0","0"
"Tevin Coleman","4","0","0","0","0","0","0","0"
"Tevin Coleman","5","0","0","0","0","0","0","0"
"Tevin Coleman","6","0","0","0","0","0","0","0"
"Tevin Coleman","7","0","0","0","0","0","0","0"
"Tevin Coleman","8","3","20","0","0","0","0","2"
"Tevin Coleman","9","0","0","0","0","0","0","0"
"Tevin Coleman","10","0","0","0","0","0","0","0"
"Tevin Coleman","11","0","0","0","0","0","0","0"
"Tevin Coleman","12","0","0","0","0","0","0","0"
"Tevin Coleman","13","2","-11","0","0","0","0","0"
"Tevin Coleman","14","0","0","0","0","0","0","0"
"Tevin Coleman","15","3","11","0","0","0","0","1"
"Tevin Coleman","16","2","3","0","1","0","0","0"
"Tevin Coleman","17","0","0","0","0","0","0","0"
"Kenyan Drake","1","16","60","1","2","5","0","12"
"Kenyan Drake","2","20","86","0","2","9","0","8"
"Kenyan Drake","3","18","73","0","1","6","0","7"
"Kenyan Drake","4","13","35","0","0","0","0","3"
"Kenyan Drake","5","18","60","1","1","2","0","12"
"Kenyan Drake","6","20","164","2","0","0","0","28"
"Kenyan Drake","7","14","34","0","1","7","0","3"
"Kenyan Drake","8","0","0","0","0","0","0","0"
"Kenyan Drake","9","0","0","0","0","0","0","0"
"Kenyan Drake","10","16","100","0","1","9","0","8"
"Kenyan Drake","11","11","29","1","4","31","0","11"
"Kenyan Drake","12","22","78","2","3","15","0","20"
"Kenyan Drake","13","10","49","1","2","9","0","10"
"Kenyan Drake","14","23","80","1","1","10","0","15"
"Kenyan Drake","15","10","26","0","2","14","0","3"
"Kenyan Drake","16","18","45","1","2","5","0","10"
"Kenyan Drake","17","10","36","0","3","15","0","4"
"Austin Ekeler","1","19","84","0","1","3","0","8"
"Austin Ekeler","2","16","93","0","4","55","0","14"
"Austin Ekeler","3","12","59","1","11","84","0","19"
"Austin Ekeler","4","2","12","0","1","2","0","1"
"Austin Ekeler","5","0","0","0","0","0","0","0"
"Austin Ekeler","6","0","0","0","0","0","0","0"
"Austin Ekeler","7","0","0","0","0","0","0","0"
"Austin Ekeler","8","0","0","0","0","0","0","0"
"Austin Ekeler","9","0","0","0","0","0","0","0"
"Austin Ekeler","10","0","0","0","0","0","0","0"
"Austin Ekeler","11","0","0","0","0","0","0","0"
"Austin Ekeler","12","14","44","0","11","85","0","12"
"Austin Ekeler","13","8","36","0","4","32","0","6"
"Austin Ekeler","14","15","79","0","9","67","0","13"
"Austin Ekeler","15","13","60","0","4","19","0","7"
"Austin Ekeler","16","10","45","0","3","23","1","12"
"Austin Ekeler","17","7","18","0","6","33","1","10"
"Chase Edmonds","1","6","26","0","3","19","1","9"
"Chase Edmonds","2","3","4","0","3","9","0","0"
"Chase Edmonds","3","3","13","0","2","21","0","3"
"Chase Edmonds","4","4","16","0","5","24","1","9"
"Chase Edmonds","5","3","36","1","5","56","0","14"
"Chase Edmonds","6","5","23","0","1","6","0","2"
"Chase Edmonds","7","5","58","0","7","87","0","13"
"Chase Edmonds","8","0","0","0","0","0","0","0"
"Chase Edmonds","9","25","70","0","3","18","0","8"
"Chase Edmonds","10","8","56","0","3","21","0","7"
"Chase Edmonds","11","2","13","0","4","36","1","10"
"Chase Edmonds","12","6","29","0","4","14","0","3"
"Chase Edmonds","13","6","28","0","2","15","0","3"
"Chase Edmonds","14","7","32","0","4","21","0","5"
"Chase Edmonds","15","11","47","0","3","19","1","11"
"Chase Edmonds","16","0","0","0","2","8","0","0"
"Chase Edmonds","17","3","-3","0","2","28","0","2"
"Devontae Booker","1","4","29","0","3","23","0","4"
"Devontae Booker","2","3","-1","0","1","6","0","0"
"Devontae Booker","3","3","31","0","0","0","0","3"
"Devontae Booker","4","0","0","0","0","0","0","0"
"Devontae Booker","5","7","62","0","1","5","0","6"
"Devontae Booker","6","0","0","0","0","0","0","0"
"Devontae Booker","7","3","5","0","2","9","0","0"
"Devontae Booker","8","5","29","0","1","17","0","3"
"Devontae Booker","9","8","68","1","0","0","0","12"
"Devontae Booker","10","16","81","2","1","2","0","20"
"Devontae Booker","11","5","16","0","1","3","0","1"
"Devontae Booker","12","5","6","0","1","-1","0","0"
"Devontae Booker","13","16","50","0","1","1","0","5"
"Devontae Booker","14","4","8","0","3","11","0","1"
"Devontae Booker","15","3","12","0","0","0","0","1"
"Devontae Booker","16","6","11","0","2","8","0","1"
"Devontae Booker","17","5","16","0","0","0","0","1"
"Latavius Murray","1","15","48","0","0","0","0","4"
"Latavius Murray","2","3","14","0","2","19","0","2"
"Latavius Murray","3","12","58","0","1","7","0","5"
"Latavius Murray","4","14","64","2","1","19","0","19"
"Latavius Murray","5","8","34","0","2","23","0","5"
"Latavius Murray","6","0","0","0","0","0","0","0"
"Latavius Murray","7","11","47","0","1","9","0","4"
"Latavius Murray","8","8","17","0","3","14","0","2"
"Latavius Murray","9","10","39","0","2","3","0","3"
"Latavius Murray","10","9","57","0","0","0","0","5"
"Latavius Murray","11","12","49","0","2","36","0","7"
"Latavius Murray","12","19","124","2","1","2","0","24"
"Latavius Murray","13","5","17","0","2","0","0","1"
"Latavius Murray","14","4","13","0","1","-6","0","1"
"Latavius Murray","15","4","3","0","2","26","1","8"
"Latavius Murray","16","12","72","0","3","24","0","9"
"Latavius Murray","17","0","0","0","0","0","0","0"
"Justin Jackson","1","2","4","0","0","0","0","0"
"Justin Jackson","2","0","0","0","0","0","0","0"
"Justin Jackson","3","0","0","0","0","0","0","0"
"Justin Jackson","4","6","9","0","2","12","0","1"
"Justin Jackson","5","15","71","0","5","23","0","9"
"Justin Jackson","6","0","0","0","0","0","0","0"
"Justin Jackson","7","5","12","0","5","43","0","5"
"Justin Jackson","8","17","89","0","3","53","0","13"
"Justin Jackson","9","0","0","0","0","0","0","0"
"Justin Jackson","10","0","0","0","0","0","0","0"
"Justin Jackson","11","0","0","0","0","0","0","0"
"Justin Jackson","12","0","0","0","0","0","0","0"
"Justin Jackson","13","0","0","0","0","0","0","0"
"Justin Jackson","14","3","9","0","3","10","0","1"
"Justin Jackson","15","0","0","0","0","0","0","0"
"Justin Jackson","16","2","4","0","0","0","0","0"
"Justin Jackson","17","9","72","0","1","32","0","12"
"Giovani Bernard","1","1","7","0","4","21","0","2"
"Giovani Bernard","2","1","3","0","5","22","0","2"
"Giovani Bernard","3","0","0","0","3","55","0","5"
"Giovani Bernard","4","2","19","0","0","0","0","1"
"Giovani Bernard","5","0","0","0","1","4","0","0"
"Giovani Bernard","6","8","15","1","3","13","0","8"
"Giovani Bernard","7","13","37","0","5","59","1","14"
"Giovani Bernard","8","15","62","1","3","16","1","19"
"Giovani Bernard","9","0","0","0","0","0","0","0"
"Giovani Bernard","10","8","30","0","4","17","0","4"
"Giovani Bernard","11","9","18","0","4","37","0","4"
"Giovani Bernard","12","8","32","0","2","17","0","4"
"Giovani Bernard","13","12","30","0","2","-1","0","3"
"Giovani Bernard","14","3","8","0","3","15","0","-1"
"Giovani Bernard","15","25","83","1","1","14","1","21"
"Giovani Bernard","16","16","65","0","7","66","0","12"
"Giovani Bernard","17","3","7","0","0","0","0","0"
"Tyson Williams","1","0","0","0","0","0","0","0"
"Tyson Williams","2","0","0","0","0","0","0","0"
"Tyson Williams","3","0","0","0","0","0","0","0"
"Tyson Williams","4","0","0","0","0","0","0","0"
"Tyson Williams","5","0","0","0","0","0","0","0"
"Tyson Williams","6","0","0","0","0","0","0","0"
"Tyson Williams","7","0","0","0","0","0","0","0"
"Tyson Williams","8","0","0","0","0","0","0","0"
"Tyson Williams","9","0","0","0","0","0","0","0"
"Tyson Williams","10","0","0","0","0","0","0","0"
"Tyson Williams","11","0","0","0","0","0","0","0"
"Tyson Williams","12","0","0","0","0","0","0","0"
"Tyson Williams","13","0","0","0","0","0","0","0"
"Tyson Williams","14","0","0","0","0","0","0","0"
"Tyson Williams","15","0","0","0","0","0","0","0"
"Tyson Williams","16","0","0","0","0","0","0","0"
"Tyson Williams","17","0","0","0","0","0","0","0"
"Sony Michel","1","10","37","1","0","0","0","9"
"Sony Michel","2","7","19","0","0","0","0","1"
"Sony Michel","3","9","117","0","2","23","0","13"
"Sony Michel","4","0","0","0","0","0","0","0"
"Sony Michel","5","0","0","0","0","0","0","0"
"Sony Michel","6","0","0","0","0","0","0","0"
"Sony Michel","7","0","0","0","0","0","0","0"
"Sony Michel","8","0","0","0","0","0","0","0"
"Sony Michel","9","0","0","0","0","0","0","0"
"Sony Michel","10","0","0","0","0","0","0","0"
"Sony Michel","11","0","0","0","0","0","0","0"
"Sony Michel","12","0","0","0","0","0","0","0"
"Sony Michel","13","10","35","0","1","23","0","5"
"Sony Michel","14","7","22","0","0","0","0","2"
"Sony Michel","15","10","74","0","1","8","0","7"
"Sony Michel","16","10","69","0","0","0","0","6"
"Sony Michel","17","16","76","0","3","60","1","19"
"Ty Johnson","1","0","0","0","0","0","0","0"
"Ty Johnson","2","0","0","0","0","0","0","0"
"Ty Johnson","3","0","0","0","0","0","0","0"
"Ty Johnson","4","0","0","0","0","0","0","0"
"Ty Johnson","5","0","0","0","0","0","0","0"
"Ty Johnson","6","3","42","0","0","0","0","4"
"Ty Johnson","7","0","0","0","0","0","0","0"
"Ty Johnson","8","3","15","0","1","6","0","1"
"Ty Johnson","9","0","0","0","0","0","0","0"
"Ty Johnson","10","0","0","0","0","0","0","0"
"Ty Johnson","11","0","0","0","4","17","0","1"
"Ty Johnson","12","2","3","0","1","1","0","0"
"Ty Johnson","13","22","104","1","2","13","0","17"
"Ty Johnson","14","8","16","0","0","0","0","1"
"Ty Johnson","15","3","16","0","6","39","1","10"
"Ty Johnson","16","2","13","0","0","0","0","1"
"Ty Johnson","17","11","45","0","2","23","0","6"
"Rashaad Penny","1","0","0","0","0","0","0","0"
"Rashaad Penny","2","0","0","0","0","0","0","0"
"Rashaad Penny","3","0","0","0","0","0","0","0"
"Rashaad Penny","4","0","0","0","0","0","0","0"
"Rashaad Penny","5","0","0","0","0","0","0","0"
"Rashaad Penny","6","0","0","0","0","0","0","0"
"Rashaad Penny","7","0","0","0","0","0","0","0"
"Rashaad Penny","8","0","0","0","0","0","0","0"
"Rashaad Penny","9","0","0","0","0","0","0","0"
"Rashaad Penny","10","0","0","0","0","0","0","0"
"Rashaad Penny","11","0","0","0","0","0","0","0"
"Rashaad Penny","12","0","0","0","0","0","0","0"
"Rashaad Penny","13","0","0","0","0","0","0","0"
"Rashaad Penny","14","0","0","0","0","0","0","0"
"Rashaad Penny","15","2","6","0","0","0","0","0"
"Rashaad Penny","16","3","9","0","0","0","0","0"
"Rashaad Penny","17","6","19","0","0","0","0","1"
"Jamaal Williams","1","7","21","0","4","21","0","4"
"Jamaal Williams","2","8","63","0","0","0","0","8"
"Jamaal Williams","3","6","14","0","1","3","0","1"
"Jamaal Williams","4","8","10","0","8","95","0","10"
"Jamaal Williams","5","0","0","0","0","0","0","0"
"Jamaal Williams","6","4","34","0","0","0","0","3"
"Jamaal Williams","7","19","77","1","4","37","0","16"
"Jamaal Williams","8","16","75","0","6","27","0","11"
"Jamaal Williams","9","0","0","0","0","0","0","0"
"Jamaal Williams","10","8","30","0","3","25","0","5"
"Jamaal Williams","11","5","12","0","1","4","1","7"
"Jamaal Williams","12","17","73","1","0","0","0","13"
"Jamaal Williams","13","5","26","0","2","10","0","3"
"Jamaal Williams","14","10","38","0","0","0","0","3"
"Jamaal Williams","15","1","6","0","2","14","0","1"
"Jamaal Williams","16","0","0","0","0","0","0","0"
"Jamaal Williams","17","5","26","0","0","0","0","2"
"James White","1","5","22","0","3","30","0","5"
"James White","2","0","0","0","0","0","0","0"
"James White","3","0","0","0","0","0","0","0"
"James White","4","3","21","0","7","38","0","5"
"James White","5","0","0","0","0","0","0","0"
"James White","6","4","8","0","8","65","0","6"
"James White","7","0","0","0","1","3","0","0"
"James White","8","2","0","0","2","35","0","3"
"James White","9","2","0","0","4","24","0","2"
"James White","10","0","0","0","2","8","0","0"
"James White","11","5","19","0","6","64","0","7"
"James White","12","5","18","2","1","-1","0","13"
"James White","13","0","0","0","3","1","0","0"
"James White","14","3","16","0","1","2","0","1"
"James White","15","2","3","0","4","52","0","5"
"James White","16","4","14","0","3","23","0","3"
"James White","17","0","0","0","4","31","1","9"
"Jd Mckissic","1","3","-2","0","1","1","0","0"
"Jd Mckissic","2","8","53","0","0","0","0","5"
"Jd Mckissic","3","5","15","0","3","37","0","4"
"Jd Mckissic","4","2","6","0","7","40","0","2"
"Jd Mckissic","5","1","3","0","6","46","0","4"
"Jd Mckissic","6","8","41","0","6","43","0","8"
"Jd Mckissic","7","5","35","0","2","16","0","4"
"Jd Mckissic","8","0","0","0","0","0","0","0"
"Jd Mckissic","9","3","17","0","9","65","0","7"
"Jd Mckissic","10","8","6","1","7","43","0","10"
"Jd Mckissic","11","6","43","0","3","26","0","6"
"Jd Mckissic","12","1","6","0","2","21","0","2"
"Jd Mckissic","13","5","8","0","10","70","0","7"
"Jd Mckissic","14","11","68","0","2","18","0","7"
"Jd Mckissic","15","13","51","0","9","56","1","16"
"Jd Mckissic","16","4","15","0","8","77","1","14"
"Jd Mckissic","17","2","0","0","5","30","0","3"
"Leonard Fournette","1","5","5","0","1","14","0","1"
"Leonard Fournette","2","12","103","2","4","13","0","23"
"Leonard Fournette","3","7","15","0","2","7","0","1"
"Leonard Fournette","4","0","0","0","0","0","0","0"
"Leonard Fournette","5","0","0","0","0","0","0","0"
"Leonard Fournette","6","0","0","0","0","0","0","0"
"Leonard Fournette","7","11","50","0","6","47","0","9"
"Leonard Fournette","8","15","52","0","3","19","0","6"
"Leonard Fournette","9","1","0","0","6","41","0","4"
"Leonard Fournette","10","8","19","0","2","11","0","2"
"Leonard Fournette","11","7","17","1","1","9","0","7"
"Leonard Fournette","12","3","10","0","3","10","0","2"
"Leonard Fournette","13","0","0","0","0","0","0","0"
"Leonard Fournette","14","0","0","0","0","0","0","0"
"Leonard Fournette","15","14","49","2","3","16","0","17"
"Leonard Fournette","16","9","34","1","3","32","0","12"
"Leonard Fournette","17","5","13","0","2","14","0","2"
"David Montgomery","1","13","64","0","1","10","0","7"
"David Montgomery","2","16","82","0","3","45","1","18"
"David Montgomery","3","14","45","0","2","9","0","4"
"David Montgomery","4","10","27","0","3","30","0","7"
"David Montgomery","5","10","29","1","7","30","0","11"
"David Montgomery","6","19","58","0","4","39","0","8"
"David Montgomery","7","14","48","0","5","21","0","6"
"David Montgomery","8","21","89","0","2","16","0","9"
"David Montgomery","9","14","30","0","3","12","0","2"
"David Montgomery","10","0","0","0","0","0","0","0"
"David Montgomery","11","0","0","0","0","0","0","0"
"David Montgomery","12","11","103","0","5","40","1","20"
"David Montgomery","13","17","72","2","4","39","0","22"
"David Montgomery","14","11","113","1","3","42","0","21"
"David Montgomery","15","32","146","2","1","16","0","27"
"David Montgomery","16","23","95","1","2","26","0","17"
"David Montgomery","17","22","69","1","9","63","0","18"
"Myles Gaskin","1","9","40","0","4","26","0","6"
"Myles Gaskin","2","7","46","0","6","36","0","7"
"Myles Gaskin","3","22","66","0","5","29","0","8"
"Myles Gaskin","4","10","40","0","3","22","0","6"
"Myles Gaskin","5","16","57","1","5","34","0","14"
"Myles Gaskin","6","18","91","0","4","35","0","12"
"Myles Gaskin","7","0","0","0","0","0","0","0"
"Myles Gaskin","8","18","47","1","3","16","0","9"
"Myles Gaskin","9","0","0","0","0","0","0","0"
"Myles Gaskin","10","0","0","0","0","0","0","0"
"Myles Gaskin","11","0","0","0","0","0","0","0"
"Myles Gaskin","12","0","0","0","0","0","0","0"
"Myles Gaskin","13","21","90","0","2","51","0","12"
"Myles Gaskin","14","0","0","0","0","0","0","0"
"Myles Gaskin","15","0","0","0","0","0","0","0"
"Myles Gaskin","16","14","87","0","5","82","2","28"
"Myles Gaskin","17","7","20","1","4","57","0","13"
"Joe Mixon","1","19","69","0","1","2","0","4"
"Joe Mixon","2","16","46","0","4","40","0","8"
"Joe Mixon","3","17","49","0","2","16","0","5"
"Joe Mixon","4","25","151","2","6","30","1","36"
"Joe Mixon","5","24","59","0","6","35","0","8"
"Joe Mixon","6","18","54","1","2","15","0","12"
"Joe Mixon","7","0","0","0","0","0","0","0"
"Joe Mixon","8","0","0","0","0","0","0","0"
"Joe Mixon","9","0","0","0","0","0","0","0"
"Joe Mixon","10","0","0","0","0","0","0","0"
"Joe Mixon","11","0","0","0","0","0","0","0"
"Joe Mixon","12","0","0","0","0","0","0","0"
"Joe Mixon","13","0","0","0","0","0","0","0"
"Joe Mixon","14","0","0","0","0","0","0","0"
"Joe Mixon","15","0","0","0","0","0","0","0"
"Joe Mixon","16","0","0","0","0","0","0","0"
"Joe Mixon","17","0","0","0","0","0","0","0"
"Antonio Gibson","1","9","36","0","2","8","0","3"
"Antonio Gibson","2","13","55","1","1","-3","0","11"
"Antonio Gibson","3","9","49","1","3","11","0","9"
"Antonio Gibson","4","13","46","1","4","82","0","18"
"Antonio Gibson","5","11","27","0","5","24","0","4"
"Antonio Gibson","6","9","30","0","4","25","0","5"
"Antonio Gibson","7","20","128","1","0","0","0","18"
"Antonio Gibson","8","0","0","0","0","0","0","0"
"Antonio Gibson","9","6","20","1","3","35","0","9"
"Antonio Gibson","10","13","45","2","4","20","0","18"
"Antonio Gibson","11","16","94","1","1","10","0","16"
"Antonio Gibson","12","20","115","3","5","21","0","31"
"Antonio Gibson","13","2","14","0","0","0","0","1"
"Antonio Gibson","14","0","0","0","0","0","0","0"
"Antonio Gibson","15","0","0","0","0","0","0","0"
"Antonio Gibson","16","10","61","0","3","8","0","6"
"Antonio Gibson","17","19","75","0","1","6","0","7"
"Chris Carson","1","6","21","0","6","45","2","18"
"Chris Carson","2","17","72","0","3","36","1","16"
"Chris Carson","3","14","64","0","3","12","0","7"
"Chris Carson","4","16","80","2","3","20","0","22"
"Chris Carson","5","8","52","1","6","27","0","13"
"Chris Carson","6","0","0","0","0","0","0","0"
"Chris Carson","7","5","34","0","1","7","0","3"
"Chris Carson","8","0","0","0","0","0","0","0"
"Chris Carson","9","0","0","0","0","0","0","0"
"Chris Carson","10","0","0","0","0","0","0","0"
"Chris Carson","11","0","0","0","0","0","0","0"
"Chris Carson","12","8","41","1","2","18","0","11"
"Chris Carson","13","13","65","0","3","45","1","16"
"Chris Carson","14","12","76","1","3","22","0","15"
"Chris Carson","15","15","63","0","2","6","0","6"
"Chris Carson","16","16","69","0","3","10","0","7"
"Chris Carson","17","11","44","0","2","39","0","7"
"Aj Dillon","1","2","14","0","0","0","0","1"
"Aj Dillon","2","5","17","0","0","0","0","1"
"Aj Dillon","3","0","0","0","0","0","0","0"
"Aj Dillon","4","1","3","0","0","0","0","0"
"Aj Dillon","5","0","0","0","0","0","0","0"
"Aj Dillon","6","5","31","0","0","0","0","3"
"Aj Dillon","7","5","11","0","0","0","0","1"
"Aj Dillon","8","5","21","0","1","16","0","3"
"Aj Dillon","9","0","0","0","0","0","0","0"
"Aj Dillon","10","0","0","0","0","0","0","0"
"Aj Dillon","11","0","0","0","0","0","0","0"
"Aj Dillon","12","0","0","0","0","0","0","0"
"Aj Dillon","13","0","0","0","0","0","0","0"
"Aj Dillon","14","0","0","0","0","0","0","0"
"Aj Dillon","15","1","18","0","0","0","0","1"
"Aj Dillon","16","21","124","2","1","5","0","24"
"Aj Dillon","17","1","3","0","0","0","0","0"
"Josh Jacobs","1","25","93","3","4","46","0","31"
"Josh Jacobs","2","27","88","0","3","17","0","9"
"Josh Jacobs","3","16","71","0","3","12","0","6"
"Josh Jacobs","4","15","48","0","3","25","0","6"
"Josh Jacobs","5","23","77","2","2","8","0","19"
"Josh Jacobs","6","0","0","0","0","0","0","0"
"Josh Jacobs","7","10","17","0","3","14","0","2"
"Josh Jacobs","8","31","129","0","0","0","0","12"
"Josh Jacobs","9","14","65","1","1","3","0","12"
"Josh Jacobs","10","21","112","2","4","24","0","25"
"Josh Jacobs","11","17","55","1","1","9","0","11"
"Josh Jacobs","12","7","27","0","3","17","0","1"
"Josh Jacobs","13","0","0","0","0","0","0","0"
"Josh Jacobs","14","13","49","0","3","25","0","6"
"Josh Jacobs","15","26","76","1","3","38","0","16"
"Josh Jacobs","16","13","69","0","0","0","0","6"
"Josh Jacobs","17","15","89","2","0","0","0","20"
"Wayne Gallman","1","0","0","0","1","14","0","1"
"Wayne Gallman","2","0","0","0","0","0","0","0"
"Wayne Gallman","3","4","7","0","2","7","0","0"
"Wayne Gallman","4","6","45","0","0","0","0","4"
"Wayne Gallman","5","5","24","0","2","0","0","2"
"Wayne Gallman","6","0","0","0","0","0","0","0"
"Wayne Gallman","7","10","34","1","5","20","0","11"
"Wayne Gallman","8","12","44","1","1","18","0","11"
"Wayne Gallman","9","14","68","1","1","9","0","12"
"Wayne Gallman","10","18","53","2","1","7","0","17"
"Wayne Gallman","11","0","0","0","0","0","0","0"
"Wayne Gallman","12","24","94","1","3","-3","0","15"
"Wayne Gallman","13","16","135","0","0","0","0","13"
"Wayne Gallman","14","12","57","0","3","16","0","6"
"Wayne Gallman","15","9","29","0","0","0","0","2"
"Wayne Gallman","16","6","27","0","2","26","0","4"
"Wayne Gallman","17","11","65","0","0","0","0","6"
"James Conner","1","6","9","0","2","8","0","0"
"James Conner","2","16","106","1","2","15","0","17"
"James Conner","3","18","109","1","4","40","0","20"
"James Conner","4","0","0","0","0","0","0","0"
"James Conner","5","15","44","1","3","19","0","11"
"James Conner","6","20","101","1","1","1","0","16"
"James Conner","7","20","82","0","3","29","0","10"
"James Conner","8","15","47","1","3","13","0","11"
"James Conner","9","9","22","0","2","-2","0","2"
"James Conner","10","13","36","0","2","12","0","4"
"James Conner","11","13","89","0","3","10","0","9"
"James Conner","12","0","0","0","0","0","0","0"
"James Conner","13","0","0","0","0","0","0","0"
"James Conner","14","10","18","0","0","0","0","1"
"James Conner","15","0","0","0","0","0","0","0"
"James Conner","16","5","21","1","5","45","0","12"
"James Conner","17","9","37","0","5","25","0","5"
"Mike Davis","1","0","0","0","0","0","0","0"
"Mike Davis","2","1","1","0","8","74","0","7"
"Mike Davis","3","13","46","0","8","45","1","14"
"Mike Davis","4","16","84","1","5","27","0","16"
"Mike Davis","5","16","89","0","9","60","1","20"
"Mike Davis","6","18","52","1","2","3","0","9"
"Mike Davis","7","7","12","0","5","24","0","3"
"Mike Davis","8","13","66","0","1","11","0","7"
"Mike Davis","9","1","3","0","5","34","0","3"
"Mike Davis","10","7","32","0","4","12","0","4"
"Mike Davis","11","19","64","1","2","15","0","13"
"Mike Davis","12","15","55","0","3","24","0","7"
"Mike Davis","13","0","0","0","0","0","0","0"
"Mike Davis","14","11","51","2","5","42","0","21"
"Mike Davis","15","14","59","0","2","2","0","5"
"Mike Davis","16","14","28","1","0","0","0","8"
"Mike Davis","17","0","0","0","0","0","0","0"
"Damien Harris","1","0","0","0","0","0","0","0"
"Damien Harris","2","0","0","0","0","0","0","0"
"Damien Harris","3","0","0","0","0","0","0","0"
"Damien Harris","4","17","100","0","0","0","0","10"
"Damien Harris","5","0","0","0","0","0","0","0"
"Damien Harris","6","6","19","0","1","14","0","2"
"Damien Harris","7","10","58","0","1","12","0","6"
"Damien Harris","8","16","102","1","0","0","0","16"
"Damien Harris","9","14","71","0","0","0","0","7"
"Damien Harris","10","22","121","0","0","0","0","12"
"Damien Harris","11","11","43","1","1","11","0","11"
"Damien Harris","12","14","47","0","0","0","0","4"
"Damien Harris","13","16","80","0","1","15","0","9"
"Damien Harris","14","11","50","0","1","0","0","5"
"Damien Harris","15","0","0","0","0","0","0","0"
"Damien Harris","16","0","0","0","0","0","0","0"
"Damien Harris","17","0","0","0","0","0","0","0"
"Melvin Gordon","1","15","78","1","3","8","0","11"
"Melvin Gordon","2","19","70","0","2","14","1","14"
"Melvin Gordon","3","8","26","0","4","12","0","3"
"Melvin Gordon","4","23","107","2","2","11","0","23"
"Melvin Gordon","5","0","0","0","0","0","0","0"
"Melvin Gordon","6","0","0","0","0","0","0","0"
"Melvin Gordon","7","17","68","1","2","12","0","9"
"Melvin Gordon","8","8","26","0","6","21","0","4"
"Melvin Gordon","9","6","18","0","1","9","0","1"
"Melvin Gordon","10","11","46","0","0","0","0","4"
"Melvin Gordon","11","15","84","2","0","0","0","18"
"Melvin Gordon","12","12","31","0","0","0","0","3"
"Melvin Gordon","13","15","131","0","1","11","0","14"
"Melvin Gordon","14","13","68","0","3","23","0","8"
"Melvin Gordon","15","11","61","2","4","20","0","20"
"Melvin Gordon","16","16","79","0","0","0","0","7"
"Melvin Gordon","17","26","93","1","4","17","0","16"
"Clyde Edwardshelaire","1","25","138","1","0","0","0","19"
"Clyde Edwardshelaire","2","10","38","0","6","32","0","6"
"Clyde Edwardshelaire","3","20","64","0","5","70","0","13"
"Clyde Edwardshelaire","4","16","64","0","3","27","0","8"
"Clyde Edwardshelaire","5","10","40","0","3","40","0","8"
"Clyde Edwardshelaire","6","26","161","0","4","8","0","16"
"Clyde Edwardshelaire","7","8","46","1","1","17","0","11"
"Clyde Edwardshelaire","8","6","21","0","3","10","0","3"
"Clyde Edwardshelaire","9","5","14","0","3","20","1","9"
"Clyde Edwardshelaire","10","0","0","0","0","0","0","0"
"Clyde Edwardshelaire","11","14","69","2","1","8","0","18"
"Clyde Edwardshelaire","12","11","37","0","1","2","0","3"
"Clyde Edwardshelaire","13","0","0","0","0","0","0","0"
"Clyde Edwardshelaire","14","16","32","0","5","59","0","8"
"Clyde Edwardshelaire","15","14","79","0","1","4","0","7"
"Clyde Edwardshelaire","16","0","0","0","0","0","0","0"
"Clyde Edwardshelaire","17","0","0","0","0","0","0","0"
"Ronald Jones","1","17","66","0","2","16","0","7"
"Ronald Jones","2","7","23","1","2","4","0","8"
"Ronald Jones","3","13","53","0","2","20","0","7"
"Ronald Jones","4","20","111","0","6","17","0","12"
"Ronald Jones","5","17","106","0","3","19","0","11"
"Ronald Jones","6","23","113","2","2","8","0","23"
"Ronald Jones","7","13","34","1","1","2","0","9"
"Ronald Jones","8","7","23","0","4","23","0","2"
"Ronald Jones","9","3","9","0","3","9","0","0"
"Ronald Jones","10","23","192","1","1","6","0","23"
"Ronald Jones","11","10","24","0","0","0","0","2"
"Ronald Jones","12","9","66","0","1","37","1","15"
"Ronald Jones","13","0","0","0","0","0","0","0"
"Ronald Jones","14","18","80","1","1","4","0","14"
"Ronald Jones","15","0","0","0","0","0","0","0"
"Ronald Jones","16","0","0","0","0","0","0","0"
"Ronald Jones","17","12","78","1","0","0","0","13"
"Alvin Kamara","1","12","16","1","5","51","1","18"
"Alvin Kamara","2","13","79","2","9","95","0","28"
"Alvin Kamara","3","6","58","0","13","139","2","30"
"Alvin Kamara","4","19","83","1","3","36","0","17"
"Alvin Kamara","5","11","45","0","8","74","0","11"
"Alvin Kamara","6","0","0","0","0","0","0","0"
"Alvin Kamara","7","14","83","0","8","65","0","14"
"Alvin Kamara","8","12","67","0","9","96","0","15"
"Alvin Kamara","9","9","40","1","5","9","0","10"
"Alvin Kamara","10","8","15","2","7","83","1","27"
"Alvin Kamara","11","13","45","1","0","0","0","10"
"Alvin Kamara","12","11","54","0","1","-2","0","5"
"Alvin Kamara","13","15","88","1","2","9","0","14"
"Alvin Kamara","14","11","50","1","7","44","0","15"
"Alvin Kamara","15","11","54","0","3","40","1","15"
"Alvin Kamara","16","22","155","6","3","17","0","52"
"Alvin Kamara","17","0","0","0","0","0","0","0"
"Dandre Swift","1","3","8","1","3","15","0","7"
"Dandre Swift","2","5","12","0","5","60","0","7"
"Dandre Swift","3","0","0","0","1","19","0","1"
"Dandre Swift","4","4","22","0","4","30","1","11"
"Dandre Swift","5","0","0","0","0","0","0","0"
"Dandre Swift","6","14","116","2","3","7","0","23"
"Dandre Swift","7","9","27","1","4","21","0","10"
"Dandre Swift","8","6","1","0","3","22","0","2"
"Dandre Swift","9","13","64","0","3","33","0","9"
"Dandre Swift","10","16","81","0","5","68","1","20"
"Dandre Swift","11","0","0","0","0","0","0","0"
"Dandre Swift","12","0","0","0","0","0","0","0"
"Dandre Swift","13","0","0","0","0","0","0","0"
"Dandre Swift","14","7","24","1","4","26","0","10"
"Dandre Swift","15","15","67","2","4","15","0","17"
"Dandre Swift","16","10","45","0","4","25","0","4"
"Dandre Swift","17","12","54","1","3","16","0","12"
"Raheem Mostert","1","15","56","0","4","95","1","20"
"Raheem Mostert","2","8","92","1","2","15","0","16"
"Raheem Mostert","3","0","0","0","0","0","0","0"
"Raheem Mostert","4","0","0","0","0","0","0","0"
"Raheem Mostert","5","11","90","0","3","29","0","11"
"Raheem Mostert","6","17","65","0","2","11","0","7"
"Raheem Mostert","7","0","0","0","0","0","0","0"
"Raheem Mostert","8","0","0","0","0","0","0","0"
"Raheem Mostert","9","0","0","0","0","0","0","0"
"Raheem Mostert","10","0","0","0","0","0","0","0"
"Raheem Mostert","11","0","0","0","0","0","0","0"
"Raheem Mostert","12","16","43","1","2","0","0","8"
"Raheem Mostert","13","9","42","0","1","1","0","4"
"Raheem Mostert","14","14","65","0","2","5","0","6"
"Raheem Mostert","15","14","68","0","0","0","0","6"
"Raheem Mostert","16","0","0","0","0","0","0","0"
"Raheem Mostert","17","0","0","0","0","0","0","0"
"David Johnson","1","11","77","1","3","32","0","16"
"David Johnson","2","11","34","0","2","16","0","4"
"David Johnson","3","13","23","1","2","23","0","10"
"David Johnson","4","16","63","0","2","29","0","8"
"David Johnson","5","17","96","0","2","7","0","9"
"David Johnson","6","19","57","1","1","12","0","12"
"David Johnson","7","14","42","0","4","42","1","12"
"David Johnson","8","0","0","0","0","0","0","0"
"David Johnson","9","2","16","0","0","0","0","1"
"David Johnson","10","0","0","0","0","0","0","0"
"David Johnson","11","0","0","0","0","0","0","0"
"David Johnson","12","0","0","0","0","0","0","0"
"David Johnson","13","10","44","1","0","0","0","10"
"David Johnson","14","0","0","0","0","0","0","0"
"David Johnson","15","8","27","0","11","106","0","12"
"David Johnson","16","12","128","1","3","11","1","25"
"David Johnson","17","14","84","1","3","36","0","17"
"Saquon Barkley","1","15","6","0","6","60","0","6"
"Saquon Barkley","2","4","28","0","0","0","0","2"
"Saquon Barkley","3","0","0","0","0","0","0","0"
"Saquon Barkley","4","0","0","0","0","0","0","0"
"Saquon Barkley","5","0","0","0","0","0","0","0"
"Saquon Barkley","6","0","0","0","0","0","0","0"
"Saquon Barkley","7","0","0","0","0","0","0","0"
"Saquon Barkley","8","0","0","0","0","0","0","0"
"Saquon Barkley","9","0","0","0","0","0","0","0"
"Saquon Barkley","10","0","0","0","0","0","0","0"
"Saquon Barkley","11","0","0","0","0","0","0","0"
"Saquon Barkley","12","0","0","0","0","0","0","0"
"Saquon Barkley","13","0","0","0","0","0","0","0"
"Saquon Barkley","14","0","0","0","0","0","0","0"
"Saquon Barkley","15","0","0","0","0","0","0","0"
"Saquon Barkley","16","0","0","0","0","0","0","0"
"Saquon Barkley","17","0","0","0","0","0","0","0"
"Darrel Williams","1","7","23","0","2","7","0","2"
"Darrel Williams","2","0","0","0","1","12","0","1"
"Darrel Williams","3","2","6","0","2","1","0","0"
"Darrel Williams","4","1","2","0","0","0","0","0"
"Darrel Williams","5","1","4","0","1","15","0","3"
"Darrel Williams","6","6","26","1","1","15","0","9"
"Darrel Williams","7","0","0","0","0","0","0","0"
"Darrel Williams","8","3","19","0","1","7","0","1"
"Darrel Williams","9","0","0","0","1","3","0","0"
"Darrel Williams","10","0","0","0","0","0","0","0"
"Darrel Williams","11","0","0","0","3","22","0","2"
"Darrel Williams","12","0","0","0","0","0","0","0"
"Darrel Williams","13","6","38","0","1","5","0","3"
"Darrel Williams","14","0","0","0","0","0","0","0"
"Darrel Williams","15","3","5","0","0","0","0","0"
"Darrel Williams","16","10","46","0","4","27","0","6"
"Darrel Williams","17","0","0","0","1","2","0","0"
"Darrell Henderson","1","3","6","0","0","0","0","0"
"Darrell Henderson","2","12","81","1","2","40","0","18"
"Darrell Henderson","3","20","114","1","1","6","0","17"
"Darrell Henderson","4","8","21","0","1","16","0","3"
"Darrell Henderson","5","15","38","1","3","30","1","18"
"Darrell Henderson","6","14","88","0","0","4","0","8"
"Darrell Henderson","7","15","63","0","2","13","0","7"
"Darrell Henderson","8","8","47","0","1","11","0","5"
"Darrell Henderson","9","0","0","0","0","0","0","0"
"Darrell Henderson","10","7","28","1","1","5","0","8"
"Darrell Henderson","11","8","5","0","2","4","0","0"
"Darrell Henderson","12","10","19","0","0","0","0","1"
"Darrell Henderson","13","3","49","1","2","25","0","12"
"Darrell Henderson","14","2","5","0","0","0","0","0"
"Darrell Henderson","15","1","-2","0","1","5","0","0"
"Darrell Henderson","16","12","62","0","0","0","0","6"
"Darrell Henderson","17","0","0","0","0","0","0","0"
"Alexander Mattison","1","6","50","0","4","30","0","8"
"Alexander Mattison","2","3","13","0","1","3","0","1"
"Alexander Mattison","3","8","27","0","0","0","0","2"
"Alexander Mattison","4","7","17","1","0","0","0","7"
"Alexander Mattison","5","20","112","0","3","24","0","13"
"Alexander Mattison","6","10","26","0","1","4","0","2"
"Alexander Mattison","7","0","0","0","0","0","0","0"
"Alexander Mattison","8","3","8","0","0","0","0","0"
"Alexander Mattison","9","12","69","0","0","0","0","6"
"Alexander Mattison","10","2","4","0","0","0","0","0"
"Alexander Mattison","11","1","6","0","0","0","0","0"
"Alexander Mattison","12","2","6","0","0","0","0","0"
"Alexander Mattison","13","0","0","0","0","0","0","0"
"Alexander Mattison","14","0","0","0","0","0","0","0"
"Alexander Mattison","15","1","1","0","1","14","0","1"
"Alexander Mattison","16","0","0","0","0","0","0","0"
"Alexander Mattison","17","21","95","1","3","50","1","26"
"Nyheim Hines","1","7","28","1","8","45","1","18"
"Nyheim Hines","2","0","0","0","1","4","0","0"
"Nyheim Hines","3","7","21","0","4","40","0","6"
"Nyheim Hines","4","9","24","0","3","8","0","2"
"Nyheim Hines","5","3","8","0","2","22","0","2"
"Nyheim Hines","6","0","0","0","5","27","0","2"
"Nyheim Hines","7","0","0","0","0","0","0","0"
"Nyheim Hines","8","5","8","0","3","54","2","17"
"Nyheim Hines","9","2","18","0","2","20","0","3"
"Nyheim Hines","10","12","70","1","5","45","1","23"
"Nyheim Hines","11","6","2","0","3","31","0","5"
"Nyheim Hines","12","10","29","0","8","66","0","8"
"Nyheim Hines","13","6","10","1","3","22","0","9"
"Nyheim Hines","14","7","58","0","4","17","0","6"
"Nyheim Hines","15","5","43","0","2","11","0","5"
"Nyheim Hines","16","8","44","0","4","20","0","6"
"Nyheim Hines","17","2","17","0","6","50","0","6"
"Aaron Jones","1","16","66","1","4","10","0","13"
"Aaron Jones","2","18","168","2","4","68","1","40"
"Aaron Jones","3","16","69","1","2","17","0","13"
"Aaron Jones","4","15","71","0","5","40","1","17"
"Aaron Jones","5","0","0","0","0","0","0","0"
"Aaron Jones","6","10","15","1","3","26","0","9"
"Aaron Jones","7","0","0","0","0","0","0","0"
"Aaron Jones","8","0","0","0","0","0","0","0"
"Aaron Jones","9","15","58","0","5","21","0","7"
"Aaron Jones","10","13","46","0","5","49","0","8"
"Aaron Jones","11","10","41","1","4","30","0","13"
"Aaron Jones","12","17","90","0","1","0","0","9"
"Aaron Jones","13","15","130","1","3","18","0","20"
"Aaron Jones","14","15","69","0","2","6","0","6"
"Aaron Jones","15","20","145","1","3","13","0","21"
"Aaron Jones","16","10","94","0","2","14","0","10"
"Aaron Jones","17","11","42","1","4","43","0","14"
"Dalvin Cook","1","12","50","2","1","-2","0","21"
"Dalvin Cook","2","14","63","1","2","8","0","14"
"Dalvin Cook","3","22","181","1","2","18","0","23"
"Dalvin Cook","4","27","130","2","2","16","0","26"
"Dalvin Cook","5","17","65","1","5","24","0","14"
"Dalvin Cook","6","0","0","0","0","0","0","0"
"Dalvin Cook","7","0","0","0","0","0","0","0"
"Dalvin Cook","8","30","163","3","2","63","1","46"
"Dalvin Cook","9","22","206","2","2","46","0","36"
"Dalvin Cook","10","30","96","0","4","16","0","10"
"Dalvin Cook","11","27","115","1","5","45","0","19"
"Dalvin Cook","12","18","61","0","4","21","0","6"
"Dalvin Cook","13","32","120","0","6","59","0","17"
"Dalvin Cook","14","22","102","1","2","8","0","16"
"Dalvin Cook","15","24","132","1","5","27","0","21"
"Dalvin Cook","16","15","73","1","2","12","0","14"
"Dalvin Cook","17","0","0","0","0","0","0","0"
"Boston Scott","1","9","35","0","2","19","0","4"
"Boston Scott","2","4","19","0","3","24","0","3"
"Boston Scott","3","3","5","0","0","0","0","0"
"Boston Scott","4","2","1","0","0","0","0","0"
"Boston Scott","5","1","3","0","0","0","0","0"
"Boston Scott","6","2","4","0","2","5","0","0"
"Boston Scott","7","12","46","0","3","46","1","14"
"Boston Scott","8","15","70","0","2","9","0","7"
"Boston Scott","9","0","0","0","0","0","0","0"
"Boston Scott","10","3","63","1","1","11","0","13"
"Boston Scott","11","5","24","0","3","26","0","4"
"Boston Scott","12","2","7","0","5","40","0","4"
"Boston Scott","13","2","9","0","0","0","0","0"
"Boston Scott","14","3","6","0","1","11","0","1"
"Boston Scott","15","0","0","0","1","7","0","0"
"Boston Scott","16","2","17","0","0","0","0","1"
"Boston Scott","17","15","65","0","2","14","0","7"
"Jonathan Taylor","1","9","22","0","6","67","0","8"
"Jonathan Taylor","2","26","101","1","2","9","0","16"
"Jonathan Taylor","3","13","59","1","1","3","0","11"
"Jonathan Taylor","4","17","68","0","1","11","0","7"
"Jonathan Taylor","5","12","57","1","2","17","0","12"
"Jonathan Taylor","6","12","60","0","4","55","0","11"
"Jonathan Taylor","7","0","0","0","0","0","0","0"
"Jonathan Taylor","8","11","22","0","2","9","0","2"
"Jonathan Taylor","9","6","27","1","2","7","0","6"
"Jonathan Taylor","10","7","12","0","2","25","0","3"
"Jonathan Taylor","11","22","90","0","4","24","0","11"
"Jonathan Taylor","12","0","0","0","0","0","0","0"
"Jonathan Taylor","13","13","91","0","3","44","1","19"
"Jonathan Taylor","14","20","150","2","2","15","0","28"
"Jonathan Taylor","15","16","83","1","4","12","0","15"
"Jonathan Taylor","16","18","74","2","0","0","0","19"
"Jonathan Taylor","17","30","253","2","1","1","0","37"
"Tony Pollard","1","2","10","0","2","22","0","3"
"Tony Pollard","2","2","6","0","1","3","0","0"
"Tony Pollard","3","0","0","0","1","-5","0","0"
"Tony Pollard","4","3","16","1","1","16","0","8"
"Tony Pollard","5","6","30","0","2","2","0","3"
"Tony Pollard","6","10","31","0","2","9","0","3"
"Tony Pollard","7","8","16","0","1","6","0","1"
"Tony Pollard","8","7","40","0","2","24","0","6"
"Tony Pollard","9","9","57","0","1","1","0","5"
"Tony Pollard","10","0","0","0","0","0","0","0"
"Tony Pollard","11","5","60","1","0","0","0","12"
"Tony Pollard","12","4","12","0","2","10","0","2"
"Tony Pollard","13","8","22","0","1","6","0","2"
"Tony Pollard","14","11","39","0","2","9","1","9"
"Tony Pollard","15","12","69","2","6","63","0","24"
"Tony Pollard","16","9","12","0","1","8","0","1"
"Tony Pollard","17","5","15","0","3","19","0","2"
"Damien Williams","1","0","0","0","0","0","0","0"
"Damien Williams","2","0","0","0","0","0","0","0"
"Damien Williams","3","0","0","0","0","0","0","0"
"Damien Williams","4","0","0","0","0","0","0","0"
"Damien Williams","5","0","0","0","0","0","0","0"
"Damien Williams","6","0","0","0","0","0","0","0"
"Damien Williams","7","0","0","0","0","0","0","0"
"Damien Williams","8","0","0","0","0","0","0","0"
"Damien Williams","9","0","0","0","0","0","0","0"
"Damien Williams","10","0","0","0","0","0","0","0"
"Damien Williams","11","0","0","0","0","0","0","0"
"Damien Williams","12","0","0","0","0","0","0","0"
"Damien Williams","13","0","0","0","0","0","0","0"
"Damien Williams","14","0","0","0","0","0","0","0"
"Damien Williams","15","0","0","0","0","0","0","0"
"Damien Williams","16","0","0","0","0","0","0","0"
"Damien Williams","17","0","0","0","0","0","0","0"
"Zack Moss","1","9","11","0","3","16","1","8"
"Zack Moss","2","8","37","0","0","0","0","3"
"Zack Moss","3","0","0","0","0","0","0","0"
"Zack Moss","4","0","0","0","0","0","0","0"
"Zack Moss","5","0","0","0","0","0","0","0"
"Zack Moss","6","5","10","0","0","0","0","1"
"Zack Moss","7","7","47","0","3","25","0","6"
"Zack Moss","8","14","81","2","0","0","0","20"
"Zack Moss","9","9","18","1","2","30","0","10"
"Zack Moss","10","7","20","0","1","-3","0","2"
"Zack Moss","11","0","0","0","0","0","0","0"
"Zack Moss","12","9","59","0","2","9","0","5"
"Zack Moss","13","3","9","0","1","5","0","0"
"Zack Moss","14","13","43","0","0","0","0","4"
"Zack Moss","15","13","81","0","0","0","0","8"
"Zack Moss","16","12","57","1","1","0","0","11"
"Zack Moss","17","3","8","0","1","13","0","1"
"Kareem Hunt","1","13","72","0","4","9","0","7"
"Kareem Hunt","2","10","86","1","2","15","1","21"
"Kareem Hunt","3","16","46","0","2","18","1","11"
"Kareem Hunt","4","11","71","2","0","0","0","19"
"Kareem Hunt","5","20","72","0","3","21","1","15"
"Kareem Hunt","6","13","40","0","2","17","0","5"
"Kareem Hunt","7","18","76","0","3","26","1","15"
"Kareem Hunt","8","14","66","0","2","7","0","6"
"Kareem Hunt","9","0","0","0","0","0","0","0"
"Kareem Hunt","10","19","104","0","3","28","0","12"
"Kareem Hunt","11","13","11","1","1","10","0","8"
"Kareem Hunt","12","10","62","0","0","0","0","6"
"Kareem Hunt","13","14","33","0","3","24","0","5"
"Kareem Hunt","14","6","33","1","6","77","1","22"
"Kareem Hunt","15","7","21","0","3","7","0","2"
"Kareem Hunt","16","4","11","1","3","41","0","11"
"Kareem Hunt","17","10","37","0","1","4","0","3"
"James Robinson","1","16","62","0","1","28","0","8"
"James Robinson","2","16","102","1","3","18","0","17"
"James Robinson","3","11","46","2","6","83","0","24"
"James Robinson","4","17","75","0","4","32","0","10"
"James Robinson","5","13","48","0","5","22","0","4"
"James Robinson","6","12","29","0","4","24","1","10"
"James Robinson","7","22","119","1","4","18","1","26"
"James Robinson","8","0","0","0","0","0","0","0"
"James Robinson","9","25","99","1","0","0","0","15"
"James Robinson","10","23","109","0","2","3","0","10"
"James Robinson","11","17","73","0","2","21","0","9"
"James Robinson","12","22","128","1","5","31","0","21"
"James Robinson","13","18","78","1","6","30","0","16"
"James Robinson","14","12","67","0","4","16","0","7"
"James Robinson","15","16","35","0","3","18","1","10"
"James Robinson","16","0","0","0","0","0","0","0"
"James Robinson","17","0","0","0","0","0","0","0"
"Gus Edwards","1","4","17","0","0","0","0","1"
"Gus Edwards","2","10","73","0","0","0","0","7"
"Gus Edwards","3","4","39","0","0","0","0","3"
"Gus Edwards","4","9","38","0","0","0","0","3"
"Gus Edwards","5","7","25","0","0","0","0","2"
"Gus Edwards","6","14","26","1","0","0","0","8"
"Gus Edwards","7","0","0","0","0","0","0","0"
"Gus Edwards","8","16","87","1","0","0","0","14"
"Gus Edwards","9","11","23","1","2","11","0","7"
"Gus Edwards","10","7","42","0","1","31","0","7"
"Gus Edwards","11","3","6","0","0","0","0","0"
"Gus Edwards","12","9","10","1","0","0","0","7"
"Gus Edwards","13","7","101","0","0","0","0","10"
"Gus Edwards","14","7","49","2","1","4","0","16"
"Gus Edwards","15","9","42","0","2","36","0","7"
"Gus Edwards","16","15","85","0","2","37","0","11"
"Gus Edwards","17","12","60","0","1","10","0","7"
"Carlos Hyde","1","7","23","1","0","0","0","8"
"Carlos Hyde","2","5","22","0","2","15","0","3"
"Carlos Hyde","3","4","12","0","1","11","0","2"
"Carlos Hyde","4","0","0","0","0","0","0","0"
"Carlos Hyde","5","0","0","0","0","0","0","0"
"Carlos Hyde","6","0","0","0","0","0","0","0"
"Carlos Hyde","7","15","68","1","3","8","0","12"
"Carlos Hyde","8","0","0","0","0","0","0","0"
"Carlos Hyde","9","0","0","0","0","0","0","0"
"Carlos Hyde","10","0","0","0","0","0","0","0"
"Carlos Hyde","11","14","79","1","2","16","0","14"
"Carlos Hyde","12","15","22","0","2","7","0","2"
"Carlos Hyde","13","2","1","0","3","10","0","1"
"Carlos Hyde","14","15","66","0","0","0","0","6"
"Carlos Hyde","15","2","55","1","2","8","0","11"
"Carlos Hyde","16","2","8","0","1","18","0","1"
"Carlos Hyde","17","0","0","0","0","0","0","0"
