"Player Name","Week","RUATT","RUYD","RUTD","RECPT","REYD","RETD","FPTS"
"Alvin Kamara","17","23","107","0","1","3","0","10"
"Alvin Kamara","16","16","73","0","1","7","0","7"
"Alvin Kamara","15","20","76","1","2","34","0","16"
"Alvin Kamara","14","21","91","0","2","13","0","10"
"Alvin Kamara","13","12","26","0","2","11","0","3"
"Alvin Kamara","12","7","13","0","6","37","0","0"
"Alvin Kamara","11","12","42","0","4","47","0","8"
"Alvin Kamara","10","8","26","0","3","19","0","3"
"Alvin Kamara","9","9","30","0","3","32","0","6"
"Alvin Kamara","8","18","62","1","9","96","2","33"
"Alvin Kamara","7","11","49","0","7","56","0","9"
"Alvin Kamara","6","19","99","0","6","25","0","11"
"Alvin Kamara","5","23","103","0","6","91","0","17"
"Alvin Kamara","4","0","0","0","0","0","0","0"
"Alvin Kamara","3","15","61","0","2","12","0","5"
"Alvin Kamara","2","0","0","0","0","0","0","0"
"Alvin Kamara","1","9","39","0","3","7","0","3"
"Joe Mixon","16","11","27","1","5","41","0","12"
"Joe Mixon","15","16","65","0","7","43","0","10"
"Joe Mixon","14","11","21","0","5","33","0","5"
"Joe Mixon","13","14","96","0","2","10","0","10"
"Joe Mixon","12","0","0","0","0","0","0","0"
"Joe Mixon","11","0","0","0","0","0","0","0"
"Joe Mixon","10","7","20","0","3","42","0","6"
"Joe Mixon","9","22","153","4","4","58","1","50"
"Joe Mixon","8","8","27","0","7","32","0","5"
"Joe Mixon","7","17","58","1","3","33","0","14"
"Joe Mixon","6","8","45","0","4","23","1","12"
"Joe Mixon","5","14","78","0","3","10","0","8"
"Joe Mixon","4","24","61","1","4","13","0","13"
"Joe Mixon","3","12","24","0","3","14","0","3"
"Joe Mixon","2","19","57","0","3","26","0","7"
"Joe Mixon","1","27","82","0","7","63","0","14"
"Jonathan Taylor","14","0","0","0","1","13","0","1"
"Jonathan Taylor","13","21","82","0","3","21","0","10"
"Jonathan Taylor","12","20","86","1","3","12","0","15"
"Jonathan Taylor","11","22","84","1","3","10","0","13"
"Jonathan Taylor","10","22","147","1","2","16","0","21"
"Jonathan Taylor","9","0","0","0","0","0","0","0"
"Jonathan Taylor","8","16","76","0","0","0","0","5"
"Jonathan Taylor","7","10","58","0","7","27","0","7"
"Jonathan Taylor","6","0","0","0","0","0","0","0"
"Jonathan Taylor","5","0","0","0","0","0","0","0"
"Jonathan Taylor","4","20","42","0","1","1","0","2"
"Jonathan Taylor","3","21","71","0","3","20","0","9"
"Jonathan Taylor","2","9","54","0","1","9","0","5"
"Jonathan Taylor","1","31","161","1","4","14","0","23"
"Jaylen Warren","17","6","36","0","3","7","0","3"
"Jaylen Warren","16","12","76","0","3","22","0","9"
"Jaylen Warren","15","6","23","0","1","7","0","2"
"Jaylen Warren","14","11","38","1","1","11","0","10"
"Jaylen Warren","13","3","11","0","2","16","0","2"
"Jaylen Warren","12","1","5","0","2","14","0","1"
"Jaylen Warren","11","0","0","0","0","0","0","0"
"Jaylen Warren","10","0","0","0","1","9","0","0"
"Jaylen Warren","9","9","37","0","3","40","0","7"
"Jaylen Warren","8","6","50","0","3","25","0","7"
"Jaylen Warren","7","2","7","0","2","17","0","1"
"Jaylen Warren","6","2","2","0","0","0","0","0"
"Jaylen Warren","5","5","24","0","4","39","0","5"
"Jaylen Warren","4","3","18","0","1","4","0","1"
"Jaylen Warren","3","4","30","0","1","3","0","3"
"Jaylen Warren","2","4","15","0","1","0","0","1"
"Jaylen Warren","1","3","7","0","0","0","0","0"
"Rachaad White","17","4","15","0","0","0","0","1"
"Rachaad White","16","11","22","0","5","26","0","4"
"Rachaad White","15","7","36","0","4","17","1","10"
"Rachaad White","14","11","38","0","1","5","0","3"
"Rachaad White","13","13","56","0","5","21","0","5"
"Rachaad White","12","9","28","0","6","41","1","10"
"Rachaad White","11","14","64","0","9","45","0","10"
"Rachaad White","10","22","105","0","0","0","0","10"
"Rachaad White","9","8","27","0","3","7","0","2"
"Rachaad White","8","4","19","0","3","24","0","3"
"Rachaad White","7","6","24","0","1","8","0","2"
"Rachaad White","6","4","12","0","3","11","0","2"
"Rachaad White","5","5","14","0","3","28","0","3"
"Rachaad White","4","3","6","1","5","50","0","9"
"Rachaad White","3","0","0","0","0","0","0","0"
"Rachaad White","2","2","1","0","0","0","0","0"
"Rachaad White","1","6","14","0","2","7","0","1"
"Raheem Mostert","17","11","71","0","2","10","0","7"
"Raheem Mostert","16","9","29","0","8","62","1","14"
"Raheem Mostert","15","8","45","0","2","4","0","2"
"Raheem Mostert","14","17","136","0","1","20","0","15"
"Raheem Mostert","13","11","37","0","1","7","0","3"
"Raheem Mostert","12","7","30","0","0","0","0","3"
"Raheem Mostert","11","0","0","0","0","0","0","0"
"Raheem Mostert","10","8","65","1","4","22","0","14"
"Raheem Mostert","9","9","26","1","0","0","0","8"
"Raheem Mostert","8","14","64","0","1","3","0","6"
"Raheem Mostert","7","16","79","0","4","30","1","16"
"Raheem Mostert","6","14","49","0","1","1","0","4"
"Raheem Mostert","5","18","113","1","1","9","0","17"
"Raheem Mostert","4","15","69","0","2","12","0","7"
"Raheem Mostert","3","8","11","0","0","0","0","1"
"Raheem Mostert","2","11","51","0","3","28","0","7"
"Raheem Mostert","1","5","16","0","1","16","0","2"
"Kyren Williams","10","0","0","0","0","0","0","0"
"Kyren Williams","9","2","6","0","0","0","0","0"
"Kyren Williams","8","6","18","0","1","3","0","1"
"Kyren Williams","7","2","7","0","0","0","0","0"
"Kyren Williams","6","3","19","0","1","10","0","2"
"Kyren Williams","5","3","9","0","0","0","0","0"
"Kyren Williams","4","11","35","0","3","25","0","5"
"Kyren Williams","3","7","36","0","1","8","0","3"
"Kyren Williams","2","1","9","0","3","30","0","3"
"Kyren Williams","1","0","0","0","0","0","0","0"
"Jamaal Williams","17","16","72","2","0","0","0","19"
"Jamaal Williams","16","22","144","1","1","13","0","21"
"Jamaal Williams","15","7","11","0","2","3","0","1"
"Jamaal Williams","14","13","33","0","0","0","0","3"
"Jamaal Williams","13","16","37","0","0","0","0","3"
"Jamaal Williams","12","11","35","1","0","0","0","9"
"Jamaal Williams","11","18","66","1","0","0","0","10"
"Jamaal Williams","10","17","64","3","0","0","0","24"
"Jamaal Williams","9","16","59","1","0","0","0","11"
"Jamaal Williams","8","24","81","0","0","0","0","10"
"Jamaal Williams","7","10","53","2","3","23","0","19"
"Jamaal Williams","6","15","79","0","1","4","0","5"
"Jamaal Williams","5","15","56","0","0","0","0","5"
"Jamaal Williams","4","19","108","2","1","1","0","22"
"Jamaal Williams","3","20","87","2","2","20","0","22"
"Jamaal Williams","2","12","53","0","1","7","0","5"
"Jamaal Williams","1","11","28","2","1","2","0","14"
"James Conner","17","0","0","0","0","0","0","0"
"James Conner","16","16","79","0","3","31","0","10"
"James Conner","15","15","79","1","7","41","0","17"
"James Conner","14","16","63","1","3","28","0","14"
"James Conner","13","15","85","1","6","29","0","16"
"James Conner","12","25","120","0","3","20","1","18"
"James Conner","11","14","42","1","2","12","0","11"
"James Conner","10","21","69","2","3","17","0","19"
"James Conner","9","7","45","0","5","19","0","5"
"James Conner","8","0","0","0","0","0","0","0"
"James Conner","7","0","0","0","0","0","0","0"
"James Conner","6","0","0","0","0","0","0","0"
"James Conner","5","9","55","0","1","8","0","5"
"James Conner","4","15","55","0","3","22","0","7"
"James Conner","3","13","39","0","3","18","0","4"
"James Conner","2","7","25","0","2","26","0","4"
"James Conner","1","10","26","1","5","29","0","10"
"Kareem Hunt","17","4","13","0","3","15","0","2"
"Kareem Hunt","16","2","0","0","1","1","0","0"
"Kareem Hunt","15","7","8","0","3","14","0","1"
"Kareem Hunt","14","4","24","0","1","3","0","2"
"Kareem Hunt","13","4","6","0","2","6","0","0"
"Kareem Hunt","12","9","56","0","2","18","0","6"
"Kareem Hunt","11","5","15","0","1","6","0","1"
"Kareem Hunt","10","5","32","0","2","22","0","5"
"Kareem Hunt","9","6","9","0","1","10","0","1"
"Kareem Hunt","8","11","42","0","4","30","0","7"
"Kareem Hunt","7","5","4","1","1","4","0","6"
"Kareem Hunt","6","4","12","0","0","0","0","1"
"Kareem Hunt","5","11","47","1","3","10","0","11"
"Kareem Hunt","4","10","49","0","2","19","0","5"
"Kareem Hunt","3","12","47","0","3","14","0","5"
"Kareem Hunt","2","13","58","0","2","16","0","6"
"Kareem Hunt","1","11","46","1","4","24","1","18"
"Damien Harris","17","13","48","0","1","4","0","4"
"Damien Harris","16","9","31","0","3","18","0","4"
"Damien Harris","15","0","0","0","0","0","0","0"
"Damien Harris","14","0","0","0","0","0","0","0"
"Damien Harris","13","0","0","0","0","0","0","0"
"Damien Harris","12","0","0","0","0","0","0","0"
"Damien Harris","11","5","16","0","0","0","0","1"
"Damien Harris","10","8","65","0","2","28","0","8"
"Damien Harris","9","0","0","0","0","0","0","0"
"Damien Harris","8","11","37","0","2","15","0","4"
"Damien Harris","7","3","8","0","1","2","0","0"
"Damien Harris","6","0","0","0","0","0","0","0"
"Damien Harris","5","4","11","0","1","1","0","1"
"Damien Harris","4","18","86","1","1","2","0","14"
"Damien Harris","3","11","41","1","2","5","0","10"
"Damien Harris","2","15","71","1","2","16","0","14"
"Damien Harris","1","9","48","0","2","10","0","5"
"Jerome Ford","13","0","0","0","0","0","0","0"
"Jerome Ford","12","5","9","0","0","0","0","0"
"Jerome Ford","11","0","0","0","0","0","0","0"
"Jerome Ford","10","0","0","0","0","0","0","0"
"Jerome Ford","9","0","0","0","0","0","0","0"
"Jerome Ford","8","3","3","0","0","0","0","0"
"Jerome Ford","7","0","0","0","0","0","0","0"
"Jerome Ford","6","0","0","0","0","0","0","0"
"Jerome Ford","5","0","0","0","0","0","0","0"
"Jerome Ford","4","0","0","0","0","0","0","0"
"Jerome Ford","3","0","0","0","0","0","0","0"
"Jerome Ford","2","0","0","0","0","0","0","0"
"Jerome Ford","1","0","0","0","0","0","0","0"
"Jahmyr Gibbs","11","17","76","1","2","8","0","0"
"Jahmyr Gibbs","10","6","3","0","1","5","0","0"
"Jahmyr Gibbs","9","15","99","0","8","64","0","0"
"Jahmyr Gibbs","8","10","37","1","4","33","0","0"
"Jahmyr Gibbs","7","24","103","3","5","48","0","0"
"Jahmyr Gibbs","6","21","154","0","3","13","0","0"
"Jahmyr Gibbs","5","18","206","2","2","20","0","0"
"Jahmyr Gibbs","4","3","21","0","3","43","1","0"
"Jahmyr Gibbs","3","4","36","0","4","65","1","0"
"Jahmyr Gibbs","2","9","22","0","9","74","1","0"
"Jahmyr Gibbs","1","9","93","0","1","5","0","0"
"Josh Jacobs","17","17","45","0","2","5","0","4"
"Josh Jacobs","16","17","69","1","4","26","0","14"
"Josh Jacobs","15","15","44","0","1","6","0","4"
"Josh Jacobs","14","22","93","0","2","17","0","10"
"Josh Jacobs","13","27","99","1","2","15","0","16"
"Josh Jacobs","12","26","144","1","2","6","0","18"
"Josh Jacobs","11","33","229","2","6","74","0","41"
"Josh Jacobs","10","24","109","0","3","51","0","15"
"Josh Jacobs","9","21","78","1","6","28","0","15"
"Josh Jacobs","8","17","67","0","3","20","0","8"
"Josh Jacobs","7","10","43","0","2","11","0","5"
"Josh Jacobs","6","20","143","3","3","12","0","33"
"Josh Jacobs","5","21","154","1","5","39","0","24"
"Josh Jacobs","4","28","144","2","5","31","0","29"
"Josh Jacobs","3","13","66","0","5","31","0","9"
"Josh Jacobs","2","19","69","0","1","12","0","7"
"Josh Jacobs","1","10","57","0","1","16","0","6"
"Nick Chubb","17","12","77","0","5","45","1","17"
"Nick Chubb","16","14","104","0","1","12","0","11"
"Nick Chubb","15","24","92","0","1","10","0","10"
"Nick Chubb","14","21","99","0","0","0","0","9"
"Nick Chubb","13","14","34","0","3","20","0","5"
"Nick Chubb","12","17","80","0","0","0","0","8"
"Nick Chubb","11","26","116","1","1","16","0","18"
"Nick Chubb","10","14","19","0","3","48","0","5"
"Nick Chubb","9","11","63","1","3","18","0","11"
"Nick Chubb","8","23","101","2","1","3","0","24"
"Nick Chubb","7","16","91","1","2","16","0","16"
"Nick Chubb","6","12","56","0","1","14","0","6"
"Nick Chubb","5","17","134","2","0","0","0","25"
"Nick Chubb","4","19","118","1","2","9","0","17"
"Nick Chubb","3","23","113","1","0","0","0","17"
"Nick Chubb","2","17","87","3","3","26","0","28"
"Nick Chubb","1","22","141","0","1","2","0","14"
"Rashaad Penny","5","8","54","0","0","0","0","5"
"Rashaad Penny","4","17","151","2","1","6","0","27"
"Rashaad Penny","3","14","66","0","1","3","0","6"
"Rashaad Penny","2","6","15","0","0","0","0","1"
"Rashaad Penny","1","12","60","0","2","7","0","6"
"Tyjae Spears","13","22","199","1","1","2","0","0"
"Tyjae Spears","12","35","181","2","1","17","0","0"
"Tyjae Spears","11","13","121","2","1","5","1","0"
"Tyjae Spears","10","8","130","0","1","9","0","0"
"Tyjae Spears","9","14","157","1","1","6","0","0"
"Tyjae Spears","8","24","125","1","1","8","0","0"
"Tyjae Spears","7","18","151","2","0","0","0","0"
"Tyjae Spears","6","16","53","0","2","4","0","0"
"Tyjae Spears","5","14","54","0","6","85","1","0"
"Tyjae Spears","4","22","114","2","5","74","0","0"
"Tyjae Spears","3","9","26","1","0","0","0","0"
"Tyjae Spears","2","5","8","0","0","0","0","0"
"Tyjae Spears","1","12","57","3","2","32","0","0"
"Deon Jackson","17","8","35","0","6","75","0","10"
"Deon Jackson","16","3","10","0","0","0","0","1"
"Deon Jackson","15","0","0","0","3","9","0","0"
"Deon Jackson","14","13","55","0","1","1","1","9"
"Deon Jackson","13","2","6","0","0","0","0","0"
"Deon Jackson","12","0","0","0","0","0","0","0"
"Deon Jackson","11","1","7","0","4","3","0","0"
"Deon Jackson","10","0","0","0","0","0","0","0"
"Deon Jackson","9","11","23","0","2","13","0","3"
"Deon Jackson","8","1","4","0","0","0","0","0"
"Deon Jackson","7","2","3","0","0","0","0","0"
"Deon Jackson","6","12","42","1","10","79","0","17"
"Deon Jackson","5","13","62","0","4","29","0","8"
"Deon Jackson","4","0","0","0","0","0","0","0"
"Deon Jackson","3","0","0","0","0","0","0","0"
"Deon Jackson","2","2","3","0","0","0","0","0"
"Deon Jackson","1","0","0","0","0","0","0","0"
"Brian Robinson Jr","13","0","0","0","0","0","0","0"
"Brian Robinson Jr","12","24","87","0","0","0","0","8"
"Brian Robinson Jr","11","22","58","0","0","0","0","5"
"Brian Robinson Jr","10","12","89","0","1","18","0","9"
"Brian Robinson Jr","9","21","96","0","2","15","0","10"
"Brian Robinson Jr","8","18","105","0","2","20","1","18"
"Brian Robinson Jr","7","15","57","0","0","0","0","5"
"Brian Robinson Jr","6","26","86","1","0","0","0","14"
"Brian Robinson Jr","5","13","44","0","2","6","0","4"
"Brian Robinson Jr","4","8","20","0","0","0","0","2"
"Brian Robinson Jr","3","20","73","0","2","13","0","8"
"Brian Robinson Jr","2","17","60","1","0","0","0","12"
"Brian Robinson Jr","1","9","22","0","0","0","0","2"
"Derrick Henry","17","30","109","0","1","19","0","11"
"Derrick Henry","16","0","0","0","0","0","0","0"
"Derrick Henry","15","23","126","1","2","0","0","16"
"Derrick Henry","14","21","104","1","4","59","0","21"
"Derrick Henry","13","17","121","1","3","34","0","17"
"Derrick Henry","12","11","30","0","2","8","0","3"
"Derrick Henry","11","17","38","0","3","79","0","10"
"Derrick Henry","10","28","87","1","2","45","0","24"
"Derrick Henry","9","19","53","0","2","14","0","6"
"Derrick Henry","8","17","115","2","0","0","0","23"
"Derrick Henry","7","32","219","2","1","9","0","33"
"Derrick Henry","6","30","128","0","3","10","0","13"
"Derrick Henry","5","28","102","2","2","30","0","25"
"Derrick Henry","4","22","114","1","3","33","0","20"
"Derrick Henry","3","20","85","1","5","58","0","19"
"Derrick Henry","2","13","25","1","0","0","0","8"
"Derrick Henry","1","21","82","0","0","0","0","8"
"Aaron Jones","17","12","48","0","3","20","0","4"
"Aaron Jones","16","14","111","0","2","2","0","11"
"Aaron Jones","15","6","25","0","2","9","0","2"
"Aaron Jones","14","17","90","0","4","36","1","16"
"Aaron Jones","13","9","26","0","5","24","0","4"
"Aaron Jones","12","12","43","0","3","56","1","15"
"Aaron Jones","11","12","40","0","6","20","0","8"
"Aaron Jones","10","24","138","1","2","18","0","20"
"Aaron Jones","9","9","25","0","2","20","0","4"
"Aaron Jones","8","20","143","0","4","14","0","15"
"Aaron Jones","7","8","23","0","9","53","2","19"
"Aaron Jones","6","9","19","0","3","25","0","3"
"Aaron Jones","5","13","63","0","2","17","0","7"
"Aaron Jones","4","16","110","0","3","5","0","11"
"Aaron Jones","3","12","36","0","3","11","0","2"
"Aaron Jones","2","15","132","1","3","38","1","28"
"Aaron Jones","1","5","49","0","3","27","0","6"
"Dandre Swift","17","6","25","0","7","61","0","8"
"Dandre Swift","16","11","78","1","4","39","1","22"
"Dandre Swift","15","4","12","0","1","13","0","2"
"Dandre Swift","14","8","52","0","5","23","0","7"
"Dandre Swift","13","6","21","0","3","18","0","3"
"Dandre Swift","12","14","62","1","4","49","0","16"
"Dandre Swift","11","5","19","0","4","24","0","5"
"Dandre Swift","10","5","20","1","3","12","0","9"
"Dandre Swift","9","6","6","1","1","6","0","6"
"Dandre Swift","8","2","10","0","3","40","0","5"
"Dandre Swift","7","5","6","0","5","27","1","8"
"Dandre Swift","6","0","0","0","0","0","0","0"
"Dandre Swift","5","0","0","0","0","0","0","0"
"Dandre Swift","4","0","0","0","0","0","0","0"
"Dandre Swift","3","7","31","0","3","15","0","4"
"Dandre Swift","2","5","56","0","2","31","1","14"
"Dandre Swift","1","15","144","1","3","31","0","23"
"Austin Ekeler","17","11","34","0","4","36","0","4"
"Austin Ekeler","16","10","122","2","4","39","0","27"
"Austin Ekeler","15","18","67","2","4","12","0","19"
"Austin Ekeler","14","12","58","1","2","12","0","12"
"Austin Ekeler","13","15","45","1","8","59","0","15"
"Austin Ekeler","12","10","35","0","5","67","0","7"
"Austin Ekeler","11","5","20","0","11","60","1","14"
"Austin Ekeler","10","19","83","1","2","17","0","15"
"Austin Ekeler","9","6","24","0","7","39","0","5"
"Austin Ekeler","8","14","47","1","7","24","1","16"
"Austin Ekeler","7","9","31","1","12","96","1","24"
"Austin Ekeler","6","14","36","1","10","47","0","13"
"Austin Ekeler","5","16","173","1","4","26","1","31"
"Austin Ekeler","4","13","60","2","6","49","1","28"
"Austin Ekeler","3","4","5","0","8","48","0","4"
"Austin Ekeler","2","14","39","0","9","55","0","8"
"Austin Ekeler","1","14","36","0","4","36","0","6"
"Keshawn Vaughn","17","8","26","0","2","8","0","2"
"Keshawn Vaughn","16","0","0","0","0","0","0","0"
"Keshawn Vaughn","15","1","6","0","0","0","0","0"
"Keshawn Vaughn","14","0","0","0","0","0","0","0"
"Keshawn Vaughn","13","0","0","0","0","0","0","0"
"Keshawn Vaughn","12","0","0","0","0","0","0","0"
"Keshawn Vaughn","11","4","15","0","0","0","0","1"
"Keshawn Vaughn","10","2","2","0","1","11","0","1"
"Keshawn Vaughn","9","2","4","0","0","0","0","0"
"Keshawn Vaughn","8","0","0","0","0","0","0","0"
"Keshawn Vaughn","7","0","0","0","0","0","0","0"
"Keshawn Vaughn","6","0","0","0","0","0","0","0"
"Keshawn Vaughn","5","0","0","0","0","0","0","0"
"Keshawn Vaughn","4","0","0","0","0","0","0","0"
"Keshawn Vaughn","3","0","0","0","0","0","0","0"
"Keshawn Vaughn","2","0","0","0","0","0","0","0"
"Keshawn Vaughn","1","0","0","0","0","0","0","0"
"Samaje Perine","16","6","18","0","1","4","0","1"
"Samaje Perine","15","4","3","0","3","19","0","1"
"Samaje Perine","14","7","24","0","1","0","0","2"
"Samaje Perine","13","4","22","1","1","2","0","8"
"Samaje Perine","12","21","106","0","6","49","0","14"
"Samaje Perine","11","17","58","1","4","35","0","14"
"Samaje Perine","10","11","30","0","4","52","3","26"
"Samaje Perine","9","6","51","0","1","3","0","5"
"Samaje Perine","8","1","7","0","3","10","0","1"
"Samaje Perine","7","1","0","0","2","8","0","0"
"Samaje Perine","6","2","5","0","2","11","0","1"
"Samaje Perine","5","3","17","0","4","39","0","4"
"Samaje Perine","4","1","0","0","0","0","0","0"
"Samaje Perine","3","9","47","0","2","14","1","11"
"Samaje Perine","2","1","2","0","1","8","0","0"
"Samaje Perine","1","1","4","0","3","33","0","3"
"Ezekiel Elliott","17","8","10","0","0","0","0","1"
"Ezekiel Elliott","16","19","37","1","0","0","0","9"
"Ezekiel Elliott","15","16","55","1","1","6","0","11"
"Ezekiel Elliott","14","16","58","1","2","13","0","12"
"Ezekiel Elliott","13","15","62","1","3","19","0","13"
"Ezekiel Elliott","12","17","77","1","3","14","0","14"
"Ezekiel Elliott","11","16","92","1","1","3","0","15"
"Ezekiel Elliott","10","15","42","2","1","5","0","16"
"Ezekiel Elliott","9","0","0","0","0","0","0","0"
"Ezekiel Elliott","8","0","0","0","0","0","0","0"
"Ezekiel Elliott","7","15","57","2","0","0","0","17"
"Ezekiel Elliott","6","13","81","1","1","5","0","14"
"Ezekiel Elliott","5","22","78","0","0","0","0","7"
"Ezekiel Elliott","4","19","49","0","2","32","0","7"
"Ezekiel Elliott","3","15","73","1","1","2","0","13"
"Ezekiel Elliott","2","15","53","0","1","4","0","5"
"Ezekiel Elliott","1","10","52","0","1","3","0","5"
"Travis Etienne","17","7","17","0","2","17","0","2"
"Travis Etienne","16","9","108","1","3","32","0","19"
"Travis Etienne","15","22","83","0","3","29","0","10"
"Travis Etienne","14","19","103","0","2","24","0","10"
"Travis Etienne","13","17","32","0","0","0","0","3"
"Travis Etienne","12","13","54","0","3","12","0","4"
"Travis Etienne","11","2","3","0","0","0","0","0"
"Travis Etienne","10","11","45","0","3","28","0","6"
"Travis Etienne","9","28","109","2","2","17","0","23"
"Travis Etienne","8","24","156","1","3","6","0","21"
"Travis Etienne","7","14","114","1","1","5","0","17"
"Travis Etienne","6","10","86","0","2","22","0","10"
"Travis Etienne","5","10","71","0","3","43","0","11"
"Travis Etienne","4","8","32","0","0","0","0","3"
"Travis Etienne","3","13","45","0","3","30","0","7"
"Travis Etienne","2","9","20","0","3","33","0","5"
"Travis Etienne","1","4","47","0","2","18","0","5"
"Dameon Pierce","13","22","78","1","0","0","0","11"
"Dameon Pierce","12","18","73","0","3","22","0","9"
"Dameon Pierce","11","5","8","0","3","8","0","0"
"Dameon Pierce","10","10","8","0","2","9","0","0"
"Dameon Pierce","9","17","94","0","2","28","0","9"
"Dameon Pierce","8","27","139","0","0","0","0","13"
"Dameon Pierce","7","15","35","0","3","16","1","10"
"Dameon Pierce","6","20","92","0","4","25","0","11"
"Dameon Pierce","5","26","99","1","3","14","0","16"
"Dameon Pierce","4","14","131","1","6","8","0","19"
"Dameon Pierce","3","20","80","1","2","21","0","16"
"Dameon Pierce","2","15","69","0","1","8","0","6"
"Dameon Pierce","1","11","33","0","1","6","0","3"
"Sean Tucker","12","21","125","2","1","4","0","0"
"Sean Tucker","11","16","106","2","0","0","0","0"
"Sean Tucker","10","14","52","0","1","1","0","0"
"Sean Tucker","9","10","19","0","2","3","0","0"
"Sean Tucker","8","16","60","1","4","32","0","0"
"Sean Tucker","7","5","54","0","5","18","1","0"
"Sean Tucker","6","14","98","1","4","14","0","0"
"Sean Tucker","5","23","232","3","2","15","0","0"
"Sean Tucker","4","21","60","0","5","45","0","0"
"Sean Tucker","3","18","42","0","2","23","0","0"
"Sean Tucker","2","27","112","1","4","17","0","0"
"Sean Tucker","1","21","100","1","6","84","1","0"
"Donta Foreman","17","12","68","0","0","0","0","6"
"Donta Foreman","16","13","35","0","0","0","0","3"
"Donta Foreman","15","21","165","1","0","0","0","22"
"Donta Foreman","14","10","9","0","0","0","0","0"
"Donta Foreman","13","21","74","0","1","1","0","7"
"Donta Foreman","12","24","113","0","0","0","0","11"
"Donta Foreman","11","11","24","0","0","0","0","2"
"Donta Foreman","10","31","130","1","0","0","0","19"
"Donta Foreman","9","7","23","0","2","2","0","2"
"Donta Foreman","8","26","118","3","0","0","0","31"
"Donta Foreman","7","15","118","0","2","27","0","13"
"Donta Foreman","6","5","19","0","0","0","0","1"
"Donta Foreman","5","2","2","0","0","0","0","0"
"Donta Foreman","4","1","2","0","0","0","0","0"
"Donta Foreman","3","0","0","0","0","0","0","0"
"Donta Foreman","2","2","9","0","0","0","0","0"
"Donta Foreman","1","2","5","0","0","0","0","0"
"Elijah Mitchell","5","5","55","2","0","0","0","17"
"Elijah Mitchell","4","7","35","0","2","8","0","3"
"Elijah Mitchell","3","9","59","0","0","0","0","5"
"Elijah Mitchell","2","18","89","0","1","1","0","8"
"Elijah Mitchell","1","6","41","0","0","0","0","4"
"Joshua Kelley","13","5","18","0","1","6","0","1"
"Joshua Kelley","12","9","45","0","1","1","0","4"
"Joshua Kelley","11","9","33","0","1","9","0","3"
"Joshua Kelley","10","10","24","1","1","7","0","8"
"Joshua Kelley","9","4","29","0","1","6","0","2"
"Joshua Kelley","8","7","30","0","0","0","0","3"
"Joshua Kelley","7","2","4","0","2","16","0","1"
"Joshua Kelley","6","0","0","0","0","0","0","0"
"Joshua Kelley","5","10","49","1","2","33","0","13"
"Joshua Kelley","4","4","15","0","0","0","0","1"
"Joshua Kelley","3","1","3","0","2","6","0","0"
"Joshua Kelley","2","4","22","0","1","3","0","2"
"Joshua Kelley","1","4","21","0","2","14","0","3"
"Ty Chandler","7","6","20","0","0","0","0","2"
"Ty Chandler","6","0","0","0","0","0","0","0"
"Ty Chandler","5","0","0","0","0","0","0","0"
"Ty Chandler","4","0","0","0","0","0","0","0"
"Ty Chandler","3","0","0","0","0","0","0","0"
"Ty Chandler","2","0","0","0","0","0","0","0"
"Ty Chandler","1","0","0","0","0","0","0","0"
"Najee Harris","17","23","80","1","1","10","0","13"
"Najee Harris","16","22","111","0","2","12","1","18"
"Najee Harris","15","16","53","0","6","42","0","9"
"Najee Harris","14","24","86","1","0","0","0","14"
"Najee Harris","13","12","33","1","2","17","0","10"
"Najee Harris","12","17","86","0","1","6","0","8"
"Najee Harris","11","10","35","1","1","4","0","9"
"Najee Harris","10","20","90","2","4","26","0","23"
"Najee Harris","9","20","99","0","0","0","0","9"
"Najee Harris","8","8","32","0","6","26","0","5"
"Najee Harris","7","17","65","0","3","15","0","7"
"Najee Harris","6","14","42","0","2","7","1","10"
"Najee Harris","5","11","20","0","3","16","0","3"
"Najee Harris","4","18","74","0","0","0","0","7"
"Najee Harris","3","15","56","1","3","5","0","9"
"Najee Harris","2","15","49","0","5","40","0","8"
"Najee Harris","1","10","23","0","2","3","1","8"
"David Montgomery","17","7","21","0","0","0","0","2"
"David Montgomery","16","6","24","0","2","12","0","3"
"David Montgomery","15","16","62","0","4","22","0","6"
"David Montgomery","14","12","53","1","3","38","1","20"
"David Montgomery","13","14","61","1","4","6","0","12"
"David Montgomery","12","14","79","0","3","34","0","10"
"David Montgomery","11","17","67","1","3","54","0","17"
"David Montgomery","10","9","37","0","1","7","0","3"
"David Montgomery","9","14","36","0","1","8","0","3"
"David Montgomery","8","15","53","0","3","22","0","5"
"David Montgomery","7","15","62","1","0","0","0","12"
"David Montgomery","6","15","67","0","1","13","0","7"
"David Montgomery","5","12","20","1","4","62","0","14"
"David Montgomery","4","0","0","0","0","0","0","0"
"David Montgomery","3","3","11","0","0","0","0","1"
"David Montgomery","2","15","122","0","2","14","0","13"
"David Montgomery","1","17","26","0","3","24","0","4"
"Antonio Gibson","16","0","0","0","0","0","0","0"
"Antonio Gibson","15","5","10","0","2","21","0","3"
"Antonio Gibson","14","5","21","0","2","6","0","2"
"Antonio Gibson","13","9","39","0","2","20","0","5"
"Antonio Gibson","12","9","32","0","3","22","0","5"
"Antonio Gibson","11","18","72","0","3","31","0","10"
"Antonio Gibson","10","14","44","1","3","14","0","11"
"Antonio Gibson","9","11","36","0","2","11","0","4"
"Antonio Gibson","8","7","19","0","7","58","1","12"
"Antonio Gibson","7","10","59","0","3","18","1","12"
"Antonio Gibson","6","5","35","0","3","18","0","4"
"Antonio Gibson","5","3","6","0","3","33","0","3"
"Antonio Gibson","4","13","49","0","3","14","0","5"
"Antonio Gibson","3","12","38","1","1","2","0","9"
"Antonio Gibson","2","14","28","1","2","13","0","9"
"Antonio Gibson","1","14","58","0","7","72","0","12"
"Saquon Barkley","17","0","0","0","0","0","0","0"
"Saquon Barkley","16","12","58","0","2","5","0","5"
"Saquon Barkley","15","14","84","1","8","49","0","18"
"Saquon Barkley","14","18","87","1","5","33","0","17"
"Saquon Barkley","13","9","28","0","2","20","0","4"
"Saquon Barkley","12","18","63","1","5","18","0","13"
"Saquon Barkley","11","11","39","1","4","13","0","10"
"Saquon Barkley","10","15","22","0","2","13","0","3"
"Saquon Barkley","9","35","152","1","1","8","0","21"
"Saquon Barkley","8","20","53","1","3","9","0","11"
"Saquon Barkley","7","24","110","0","4","25","0","13"
"Saquon Barkley","6","22","83","1","3","12","0","15"
"Saquon Barkley","5","13","70","1","3","36","0","16"
"Saquon Barkley","4","31","146","0","2","16","0","15"
"Saquon Barkley","3","14","81","1","4","45","0","18"
"Saquon Barkley","2","21","72","0","3","16","0","8"
"Saquon Barkley","1","18","164","1","6","30","0","27"
"Cam Akers","17","21","104","0","3","24","0","12"
"Cam Akers","16","19","123","0","1","10","0","13"
"Cam Akers","15","23","118","3","2","29","0","31"
"Cam Akers","14","12","65","0","3","35","0","9"
"Cam Akers","13","12","42","1","1","1","0","8"
"Cam Akers","12","17","60","2","1","0","0","18"
"Cam Akers","11","8","37","0","0","0","0","3"
"Cam Akers","10","14","61","0","0","0","0","6"
"Cam Akers","9","6","22","0","0","0","0","2"
"Cam Akers","8","5","3","0","0","0","0","0"
"Cam Akers","7","0","0","0","0","0","0","0"
"Cam Akers","6","0","0","0","0","0","0","0"
"Cam Akers","5","13","33","0","0","0","0","3"
"Cam Akers","4","8","13","0","0","0","0","1"
"Cam Akers","3","12","61","1","0","0","0","10"
"Cam Akers","2","15","44","0","2","18","0","5"
"Cam Akers","1","3","0","0","0","0","0","0"
"Christian Mccaffrey","17","10","45","0","3","34","1","13"
"Christian Mccaffrey","16","19","121","1","6","72","0","25"
"Christian Mccaffrey","15","15","46","1","2","12","0","11"
"Christian Mccaffrey","14","26","108","1","6","30","0","19"
"Christian Mccaffrey","13","14","119","1","2","34","1","26"
"Christian Mccaffrey","12","17","66","0","8","80","1","20"
"Christian Mccaffrey","11","11","32","0","4","17","0","4"
"Christian Mccaffrey","10","7","39","0","7","67","0","9"
"Christian Mccaffrey","9","14","38","1","4","39","0","12"
"Christian Mccaffrey","8","18","94","1","8","55","1","33"
"Christian Mccaffrey","7","8","38","0","2","24","0","5"
"Christian Mccaffrey","6","13","69","0","7","89","0","14"
"Christian Mccaffrey","5","14","54","1","7","50","0","16"
"Christian Mccaffrey","4","8","27","0","9","81","1","16"
"Christian Mccaffrey","3","25","108","0","2","7","0","10"
"Christian Mccaffrey","2","15","102","0","4","26","0","12"
"Christian Mccaffrey","1","10","33","1","4","24","0","11"
"Tony Pollard","17","7","19","0","0","0","0","1"
"Tony Pollard","16","0","0","0","0","0","0","0"
"Tony Pollard","15","9","19","0","6","61","0","7"
"Tony Pollard","14","19","75","0","4","31","0","10"
"Tony Pollard","13","10","42","1","4","20","1","18"
"Tony Pollard","12","12","91","2","2","15","0","22"
"Tony Pollard","11","18","60","0","2","1","0","6"
"Tony Pollard","10","15","80","0","6","109","2","30"
"Tony Pollard","9","22","115","1","3","13","0","18"
"Tony Pollard","8","14","131","3","1","16","0","32"
"Tony Pollard","7","12","83","0","2","26","0","10"
"Tony Pollard","6","11","44","0","2","8","0","4"
"Tony Pollard","5","8","86","1","0","0","0","14"
"Tony Pollard","4","8","6","0","1","2","0","0"
"Tony Pollard","3","13","105","0","0","0","0","10"
"Tony Pollard","2","9","43","1","4","55","0","15"
"Tony Pollard","1","6","8","0","2","14","0","1"
"Miles Sanders","17","11","33","0","0","0","0","3"
"Miles Sanders","16","12","61","0","0","0","0","6"
"Miles Sanders","15","21","65","0","1","6","0","4"
"Miles Sanders","14","11","42","0","1","13","0","2"
"Miles Sanders","13","17","144","2","1","11","0","27"
"Miles Sanders","12","10","24","1","2","14","0","9"
"Miles Sanders","11","21","143","2","3","17","0","27"
"Miles Sanders","10","13","47","0","1","1","0","4"
"Miles Sanders","9","12","54","0","0","0","0","5"
"Miles Sanders","8","17","93","1","0","0","0","15"
"Miles Sanders","7","9","78","1","0","0","0","13"
"Miles Sanders","6","18","71","1","1","1","0","13"
"Miles Sanders","5","15","58","0","2","6","0","5"
"Miles Sanders","4","27","134","2","2","22","0","27"
"Miles Sanders","3","15","46","0","1","2","0","4"
"Miles Sanders","2","17","80","0","3","6","0","8"
"Miles Sanders","1","13","96","1","2","9","0","15"
"Breece Hall","7","4","72","1","0","0","0","13"
"Breece Hall","6","20","116","1","2","5","0","17"
"Breece Hall","5","18","97","1","2","100","0","25"
"Breece Hall","4","17","66","1","2","12","0","13"
"Breece Hall","3","8","39","0","6","53","0","8"
"Breece Hall","2","7","50","0","1","10","1","12"
"Breece Hall","1","6","23","0","6","38","0","3"
"Zach Charbonnet","10","24","119","1","4","22","0","0"
"Zach Charbonnet","9","19","95","0","4","29","0","0"
"Zach Charbonnet","8","24","181","3","9","38","0","0"
"Zach Charbonnet","7","21","198","3","5","61","0","0"
"Zach Charbonnet","6","20","151","1","4","28","0","0"
"Zach Charbonnet","5","22","198","1","0","0","0","0"
"Zach Charbonnet","4","22","124","1","3","56","0","0"
"Zach Charbonnet","3","9","104","3","0","0","0","0"
"Zach Charbonnet","2","13","78","0","3","51","0","0"
"Zach Charbonnet","1","21","111","1","5","36","0","0"
"Kenneth Walker Iii","17","29","114","0","1","10","0","12"
"Kenneth Walker Iii","16","23","133","0","1","9","0","13"
"Kenneth Walker Iii","15","26","107","0","2","2","0","10"
"Kenneth Walker Iii","14","12","47","0","4","32","0","7"
"Kenneth Walker Iii","13","0","0","0","0","0","0","0"
"Kenneth Walker Iii","12","3","36","0","0","0","0","3"
"Kenneth Walker Iii","11","14","26","2","1","13","0","15"
"Kenneth Walker Iii","10","10","17","0","6","55","0","6"
"Kenneth Walker Iii","9","26","109","2","3","20","0","24"
"Kenneth Walker Iii","8","18","51","1","1","1","0","11"
"Kenneth Walker Iii","7","23","167","2","0","0","0","28"
"Kenneth Walker Iii","6","21","97","1","2","13","0","16"
"Kenneth Walker Iii","5","8","88","1","0","0","0","14"
"Kenneth Walker Iii","4","8","29","0","1","5","0","2"
"Kenneth Walker Iii","3","3","19","0","3","14","0","2"
"Kenneth Walker Iii","2","4","10","0","2","5","0","1"
"Kenneth Walker Iii","1","0","0","0","0","0","0","0"
"Jerick Mckinnon","17","2","6","0","2","0","1","6"
"Jerick Mckinnon","16","2","4","0","5","52","2","17"
"Jerick Mckinnon","15","5","7","0","3","31","1","9"
"Jerick Mckinnon","14","10","52","1","8","70","1","26"
"Jerick Mckinnon","13","6","22","0","7","112","2","25"
"Jerick Mckinnon","12","8","51","0","2","9","1","11"
"Jerick Mckinnon","11","0","0","0","3","26","0","2"
"Jerick Mckinnon","10","6","24","0","1","0","0","0"
"Jerick Mckinnon","9","1","2","0","6","56","0","5"
"Jerick Mckinnon","8","3","4","0","6","40","0","4"
"Jerick Mckinnon","7","2","12","0","2","36","0","4"
"Jerick Mckinnon","6","2","1","0","3","29","0","2"
"Jerick Mckinnon","5","8","53","0","2","19","0","6"
"Jerick Mckinnon","4","2","1","0","1","1","0","0"
"Jerick Mckinnon","3","7","20","0","0","0","0","2"
"Jerick Mckinnon","2","4","12","0","2","4","1","7"
"Jerick Mckinnon","1","4","22","0","3","27","0","4"
"Khalil Herbert","13","10","50","0","1","1","0","5"
"Khalil Herbert","12","5","31","0","0","0","0","3"
"Khalil Herbert","11","6","7","0","2","4","0","0"
"Khalil Herbert","10","10","57","0","0","0","0","5"
"Khalil Herbert","9","7","23","0","0","0","0","2"
"Khalil Herbert","8","16","99","1","0","0","0","15"
"Khalil Herbert","7","12","62","0","1","25","1","14"
"Khalil Herbert","6","7","74","0","0","0","0","7"
"Khalil Herbert","5","4","11","0","0","0","0","1"
"Khalil Herbert","4","19","77","0","1","24","0","9"
"Khalil Herbert","3","20","157","2","2","12","0","28"
"Khalil Herbert","2","4","38","0","1","3","0","3"
"Khalil Herbert","1","9","45","1","1","2","0","10"
"Tank Bigsby","12","15","63","0","4","1","0","0"
"Tank Bigsby","11","18","110","2","2","18","0","0"
"Tank Bigsby","10","23","121","0","2","20","0","0"
"Tank Bigsby","9","13","89","1","1","9","0","0"
"Tank Bigsby","8","11","63","1","6","37","0","0"
"Tank Bigsby","7","20","179","2","0","0","0","0"
"Tank Bigsby","6","10","19","0","2","10","0","0"
"Tank Bigsby","5","12","45","0","4","18","0","0"
"Tank Bigsby","4","19","44","1","2","0","0","0"
"Tank Bigsby","3","9","39","0","2","38","0","0"
"Tank Bigsby","2","13","51","1","4","29","0","0"
"Tank Bigsby","1","16","147","2","1","2","0","0"
"Clyde Edwardshelaire","10","2","9","0","0","0","0","0"
"Clyde Edwardshelaire","9","0","0","0","0","0","0","0"
"Clyde Edwardshelaire","8","4","5","0","1","14","0","1"
"Clyde Edwardshelaire","7","6","32","1","0","0","0","9"
"Clyde Edwardshelaire","6","9","33","0","0","0","0","3"
"Clyde Edwardshelaire","5","9","15","0","3","20","0","3"
"Clyde Edwardshelaire","4","19","92","1","1","2","1","21"
"Clyde Edwardshelaire","3","7","0","1","5","39","0","9"
"Clyde Edwardshelaire","2","8","74","0","4","44","0","11"
"Clyde Edwardshelaire","1","7","42","0","3","32","2","19"
"Isiah Pacheco","17","8","64","1","0","0","0","12"
"Isiah Pacheco","16","9","31","1","2","18","0","10"
"Isiah Pacheco","15","14","58","0","1","32","0","8"
"Isiah Pacheco","14","15","86","0","1","11","0","7"
"Isiah Pacheco","13","13","70","0","3","23","0","9"
"Isiah Pacheco","12","14","66","1","2","16","0","13"
"Isiah Pacheco","11","22","69","1","1","17","0","13"
"Isiah Pacheco","10","15","107","0","0","0","0","10"
"Isiah Pacheco","9","16","82","0","0","0","0","6"
"Isiah Pacheco","8","5","5","0","1","4","0","0"
"Isiah Pacheco","7","8","43","0","0","0","0","4"
"Isiah Pacheco","6","2","9","0","2","9","0","0"
"Isiah Pacheco","5","1","0","0","0","0","0","0"
"Isiah Pacheco","4","11","63","0","0","0","0","6"
"Isiah Pacheco","3","3","9","0","0","0","0","0"
"Isiah Pacheco","2","2","6","0","0","0","0","0"
"Isiah Pacheco","1","12","62","1","0","0","0","12"
"Aj Dillon","17","9","33","0","0","0","0","3"
"Aj Dillon","16","12","41","1","0","0","0","10"
"Aj Dillon","15","11","36","1","2","12","0","10"
"Aj Dillon","14","11","36","2","3","35","0","18"
"Aj Dillon","13","18","93","1","3","26","0","17"
"Aj Dillon","12","8","64","1","3","24","0","14"
"Aj Dillon","11","6","13","0","1","10","0","2"
"Aj Dillon","10","13","65","0","0","0","0","6"
"Aj Dillon","9","11","34","0","2","10","0","4"
"Aj Dillon","8","10","54","0","1","9","0","5"
"Aj Dillon","7","4","15","0","0","0","0","1"
"Aj Dillon","6","10","41","0","4","11","0","5"
"Aj Dillon","5","6","34","0","0","0","0","3"
"Aj Dillon","4","17","73","0","1","11","0","8"
"Aj Dillon","3","12","32","0","2","6","0","3"
"Aj Dillon","2","18","61","0","1","6","0","6"
"Aj Dillon","1","10","45","1","5","46","0","14"
"Javonte Williams","4","10","28","0","1","1","0","2"
"Javonte Williams","3","15","58","0","3","2","0","5"
"Javonte Williams","2","15","75","0","1","10","0","8"
"Javonte Williams","1","7","43","0","11","65","0","8"
"Tyler Allgeier","17","24","135","0","0","0","0","13"
"Tyler Allgeier","16","20","83","1","1","12","0","15"
"Tyler Allgeier","15","18","74","0","4","43","0","11"
"Tyler Allgeier","14","17","139","1","1","3","0","21"
"Tyler Allgeier","13","10","52","0","0","0","0","5"
"Tyler Allgeier","12","11","54","0","0","0","0","5"
"Tyler Allgeier","11","8","55","0","1","9","0","5"
"Tyler Allgeier","10","8","20","0","3","17","0","2"
"Tyler Allgeier","9","10","99","0","1","24","0","11"
"Tyler Allgeier","8","14","39","0","3","46","1","13"
"Tyler Allgeier","7","16","50","1","0","0","0","11"
"Tyler Allgeier","6","15","51","0","0","0","0","5"
"Tyler Allgeier","5","13","45","0","0","0","0","4"
"Tyler Allgeier","4","10","84","0","1","20","0","10"
"Tyler Allgeier","3","6","25","0","1","5","0","2"
"Tyler Allgeier","2","10","30","0","0","0","0","3"
"Tyler Allgeier","1","0","0","0","0","0","0","0"
"Bijan Robinson","12","29","179","2","0","0","0","0"
"Bijan Robinson","11","25","243","4","0","0","0","0"
"Bijan Robinson","10","12","29","0","0","0","0","0"
"Bijan Robinson","9","30","209","1","2","34","0","0"
"Bijan Robinson","8","24","140","1","1","41","1","0"
"Bijan Robinson","7","28","135","0","4","36","0","0"
"Bijan Robinson","6","22","130","2","2","15","0","0"
"Bijan Robinson","5","21","101","1","2","34","0","0"
"Bijan Robinson","4","16","103","2","1","22","0","0"
"Bijan Robinson","3","20","183","3","1","19","0","0"
"Bijan Robinson","2","21","57","1","3","73","0","0"
"Bijan Robinson","1","10","71","1","3","40","1","0"
"Jeff Wilson","17","16","72","0","2","2","0","7"
"Jeff Wilson","16","15","45","0","3","31","0","7"
"Jeff Wilson","15","9","37","1","1","3","0","9"
"Jeff Wilson","14","0","0","0","0","0","0","0"
"Jeff Wilson","13","4","26","0","0","0","0","2"
"Jeff Wilson","12","1","3","0","0","0","0","0"
"Jeff Wilson","11","13","39","1","1","13","0","10"
"Jeff Wilson","10","17","119","1","2","24","0","19"
"Jeff Wilson","9","9","51","0","3","21","1","13"
"Jeff Wilson","8","4","14","0","2","21","0","3"
"Jeff Wilson","7","7","54","0","0","0","0","5"
"Jeff Wilson","6","7","25","0","0","0","0","0"
"Jeff Wilson","5","17","120","1","1","12","0","19"
"Jeff Wilson","4","18","74","1","0","0","0","13"
"Jeff Wilson","3","12","75","0","3","31","0","8"
"Jeff Wilson","2","18","84","0","2","19","0","9"
"Jeff Wilson","1","9","22","0","2","8","0","2"
"Keaontay Ingram","17","3","5","0","2","2","0","0"
"Keaontay Ingram","16","0","0","0","0","0","0","0"
"Keaontay Ingram","15","1","2","0","0","0","0","0"
"Keaontay Ingram","14","1","0","0","0","0","0","0"
"Keaontay Ingram","13","1","1","0","0","0","0","0"
"Keaontay Ingram","12","2","5","0","0","0","0","0"
"Keaontay Ingram","11","5","19","0","0","0","0","1"
"Keaontay Ingram","10","1","5","0","0","0","0","0"
"Keaontay Ingram","9","1","2","0","0","0","0","0"
"Keaontay Ingram","8","0","0","0","0","0","0","0"
"Keaontay Ingram","7","9","14","1","2","23","0","9"
"Keaontay Ingram","6","3","7","0","0","0","0","0"
"Keaontay Ingram","5","0","0","0","0","0","0","0"
"Keaontay Ingram","4","0","0","0","0","0","0","0"
"Keaontay Ingram","3","0","0","0","0","0","0","0"
"Keaontay Ingram","2","0","0","0","0","0","0","0"
"Keaontay Ingram","1","0","0","0","0","0","0","0"
"Devin Singletary","16","7","29","0","1","3","0","0"
"Devin Singletary","15","12","106","1","2","19","0","17"
"Devin Singletary","14","13","42","0","3","28","0","6"
"Devin Singletary","13","8","39","0","1","4","0","3"
"Devin Singletary","12","13","51","1","0","0","0","11"
"Devin Singletary","11","14","72","0","1","8","0","7"
"Devin Singletary","10","18","86","1","2","11","0","15"
"Devin Singletary","9","13","47","2","1","0","0","14"
"Devin Singletary","8","8","24","0","4","24","0","4"
"Devin Singletary","7","14","67","0","1","16","0","7"
"Devin Singletary","6","17","85","0","4","22","0","10"
"Devin Singletary","5","6","42","0","1","4","0","4"
"Devin Singletary","4","11","49","0","4","47","0","6"
"Devin Singletary","3","9","13","0","9","78","1","14"
"Devin Singletary","2","6","19","0","2","2","0","1"
"Devin Singletary","1","8","48","0","2","14","0","5"
"Zamir White","17","1","4","0","0","0","0","0"
"Zamir White","16","0","0","0","0","0","0","0"
"Zamir White","15","0","0","0","0","0","0","0"
"Zamir White","14","1","4","0","0","0","0","0"
"Zamir White","13","3","9","0","0","0","0","0"
"Zamir White","12","2","6","0","0","0","0","0"
"Zamir White","11","2","28","0","0","0","0","2"
"Zamir White","10","0","0","0","0","0","0","0"
"Zamir White","9","2","1","0","0","0","0","0"
"Zamir White","8","1","1","0","0","0","0","0"
"Zamir White","7","0","0","0","0","0","0","0"
"Zamir White","6","1","2","0","0","0","0","0"
"Zamir White","5","1","7","0","0","0","0","0"
"Zamir White","4","2","24","0","0","0","0","2"
"Zamir White","3","0","0","0","0","0","0","0"
"Zamir White","2","1","2","0","0","0","0","0"
"Zamir White","1","0","0","0","0","0","0","0"
"Jk Dobbins","11","0","0","0","0","0","0","0"
"Jk Dobbins","10","17","93","0","0","0","0","9"
"Jk Dobbins","9","12","59","0","0","0","0","5"
"Jk Dobbins","8","13","125","0","1","3","0","12"
"Jk Dobbins","7","15","120","1","0","0","0","18"
"Jk Dobbins","6","7","15","0","0","0","0","1"
"Jk Dobbins","5","8","44","0","0","0","0","4"
"Jk Dobbins","4","13","41","1","4","22","1","18"
"Jk Dobbins","3","7","23","0","2","17","0","3"
"Jk Dobbins","2","0","0","0","0","0","0","0"
"Jk Dobbins","1","0","0","0","0","0","0","0"
"Alexander Mattison","17","10","54","2","1","6","0","17"
"Alexander Mattison","16","8","38","0","1","7","0","3"
"Alexander Mattison","15","4","17","0","0","0","0","1"
"Alexander Mattison","14","2","1","0","0","0","0","0"
"Alexander Mattison","13","2","1","0","0","0","0","0"
"Alexander Mattison","12","3","14","1","2","4","0","7"
"Alexander Mattison","11","3","11","0","0","0","0","1"
"Alexander Mattison","10","2","0","0","1","8","0","0"
"Alexander Mattison","9","3","11","0","1","8","0","1"
"Alexander Mattison","8","2","1","0","1","0","0","0"
"Alexander Mattison","7","5","40","1","0","0","0","10"
"Alexander Mattison","6","1","3","0","0","0","0","0"
"Alexander Mattison","5","9","19","0","3","21","0","3"
"Alexander Mattison","4","3","3","0","1","15","1","7"
"Alexander Mattison","3","7","28","1","1","16","0","9"
"Alexander Mattison","2","2","8","0","3","6","0","0"
"Alexander Mattison","1","8","36","0","0","0","0","3"
"Rhamondre Stevenson","17","6","54","0","5","28","0","7"
"Rhamondre Stevenson","16","8","42","0","2","9","0","4"
"Rhamondre Stevenson","15","13","30","0","2","3","0","1"
"Rhamondre Stevenson","14","19","172","1","2","4","0","23"
"Rhamondre Stevenson","13","3","8","0","2","2","0","0"
"Rhamondre Stevenson","12","10","54","0","6","24","0","7"
"Rhamondre Stevenson","11","7","36","0","9","76","0","10"
"Rhamondre Stevenson","10","15","26","0","6","56","0","7"
"Rhamondre Stevenson","9","15","60","0","3","10","1","13"
"Rhamondre Stevenson","8","16","71","0","7","72","0","14"
"Rhamondre Stevenson","7","11","39","1","8","59","0","14"
"Rhamondre Stevenson","6","19","76","2","4","15","0","20"
"Rhamondre Stevenson","5","25","161","0","2","14","0","17"
"Rhamondre Stevenson","4","14","66","0","4","23","0","8"
"Rhamondre Stevenson","3","12","73","1","4","28","0","15"
"Rhamondre Stevenson","2","9","47","0","1","4","0","4"
"Rhamondre Stevenson","1","8","25","0","2","2","0","2"
"Dalvin Cook","17","11","37","0","1","0","0","1"
"Dalvin Cook","16","9","27","0","2","17","0","3"
"Dalvin Cook","15","14","64","0","3","13","0","7"
"Dalvin Cook","14","17","95","0","4","95","1","22"
"Dalvin Cook","13","15","23","1","1","13","0","7"
"Dalvin Cook","12","20","86","1","2","3","0","14"
"Dalvin Cook","11","22","42","0","4","14","0","5"
"Dalvin Cook","10","11","72","0","0","0","0","7"
"Dalvin Cook","9","14","119","1","3","27","0","19"
"Dalvin Cook","8","17","47","0","2","9","1","10"
"Dalvin Cook","7","20","111","1","5","30","0","20"
"Dalvin Cook","6","13","77","1","1","6","0","13"
"Dalvin Cook","5","18","94","2","2","27","0","23"
"Dalvin Cook","4","20","76","0","2","10","0","8"
"Dalvin Cook","3","17","96","1","0","0","0","13"
"Dalvin Cook","2","6","17","0","4","19","0","2"
"Dalvin Cook","1","20","90","0","3","18","0","10"
"Roschon Johnson","12","13","77","2","0","0","0","0"
"Roschon Johnson","11","7","34","0","0","0","0","0"
"Roschon Johnson","10","5","14","0","0","0","0","0"
"Roschon Johnson","9","7","62","1","0","0","0","0"
"Roschon Johnson","8","5","73","1","2","5","0","0"
"Roschon Johnson","7","11","71","0","0","0","0","0"
"Roschon Johnson","6","9","57","0","2","36","0","0"
"Roschon Johnson","5","6","20","0","2","21","0","0"
"Roschon Johnson","4","9","15","0","2","23","0","0"
"Roschon Johnson","3","11","81","0","3","23","1","0"
"Roschon Johnson","2","5","16","0","3","20","0","0"
"Roschon Johnson","1","5","34","1","0","0","0","0"
"Kendre Miller","13","17","82","1","2","1","0","0"
"Kendre Miller","12","15","72","2","1","12","0","0"
"Kendre Miller","11","10","41","1","2","14","0","0"
"Kendre Miller","10","21","138","1","1","10","0","0"
"Kendre Miller","9","21","158","1","1","5","0","0"
"Kendre Miller","8","12","120","1","1","1","0","0"
"Kendre Miller","7","29","153","2","1","18","0","0"
"Kendre Miller","6","22","104","2","1","17","0","0"
"Kendre Miller","5","18","88","1","2","5","0","0"
"Kendre Miller","4","13","136","2","1","3","0","0"
"Kendre Miller","3","17","142","1","1","10","0","0"
"Kendre Miller","2","13","56","1","1","21","0","0"
"Kendre Miller","1","8","52","1","1","1","0","0"
"Kenneth Gainwell","17","5","35","0","1","7","0","3"
"Kenneth Gainwell","16","0","0","0","2","17","0","1"
"Kenneth Gainwell","15","4","17","0","4","41","0","5"
"Kenneth Gainwell","14","3","5","0","2","9","0","0"
"Kenneth Gainwell","13","0","0","0","1","0","0","0"
"Kenneth Gainwell","12","3","15","0","3","38","0","4"
"Kenneth Gainwell","11","8","39","1","1","7","0","9"
"Kenneth Gainwell","10","1","0","0","0","0","0","0"
"Kenneth Gainwell","9","1","7","0","1","5","0","0"
"Kenneth Gainwell","8","4","22","1","3","16","0","9"
"Kenneth Gainwell","7","1","3","0","1","8","0","0"
"Kenneth Gainwell","6","5","25","0","0","0","0","2"
"Kenneth Gainwell","5","3","20","0","0","0","0","2"
"Kenneth Gainwell","4","5","19","1","1","2","0","7"
"Kenneth Gainwell","3","3","6","0","0","0","0","0"
"Kenneth Gainwell","2","2","7","0","1","11","0","1"
"Kenneth Gainwell","1","5","20","1","2","12","0","9"
"James Cook","16","9","45","0","2","6","0","4"
"James Cook","15","11","99","1","1","9","0","15"
"James Cook","14","5","34","0","2","5","1","9"
"James Cook","13","4","6","0","1","9","0","0"
"James Cook","12","14","64","0","6","41","0","10"
"James Cook","11","2","4","0","2","14","0","1"
"James Cook","10","11","86","0","0","0","0","8"
"James Cook","9","5","22","0","0","0","0","2"
"James Cook","8","4","15","0","2","18","0","2"
"James Cook","7","5","35","0","1","41","0","7"
"James Cook","6","2","8","0","0","0","0","0"
"James Cook","5","4","31","1","0","0","0","9"
"James Cook","4","0","0","0","0","0","0","0"
"James Cook","3","1","3","0","4","37","0","3"
"James Cook","2","11","53","0","0","0","0","5"
"James Cook","1","1","2","0","0","0","0","2"
"Leonard Fournette","17","0","0","0","1","4","0","0"
"Leonard Fournette","16","10","28","0","4","19","0","3"
"Leonard Fournette","15","20","72","0","9","90","0","16"
"Leonard Fournette","14","10","44","0","4","30","0","7"
"Leonard Fournette","13","4","13","0","6","33","0","4"
"Leonard Fournette","12","10","49","0","6","32","0","7"
"Leonard Fournette","11","0","0","0","0","0","0","0"
"Leonard Fournette","10","14","57","1","1","1","0","9"
"Leonard Fournette","9","9","19","0","5","41","0","5"
"Leonard Fournette","8","9","24","1","3","34","0","11"
"Leonard Fournette","7","8","19","0","2","7","0","1"
"Leonard Fournette","6","21","63","0","6","38","1","15"
"Leonard Fournette","5","14","56","1","10","83","1","25"
"Leonard Fournette","4","3","3","0","7","57","1","11"
"Leonard Fournette","3","12","35","0","5","35","0","6"
"Leonard Fournette","2","24","65","0","2","9","0","6"
"Leonard Fournette","1","21","127","0","2","10","0","13"
"Deuce Vaughn","13","26","130","1","2","30","0","0"
"Deuce Vaughn","12","25","147","1","2","82","0","0"
"Deuce Vaughn","11","22","67","1","0","0","0","0"
"Deuce Vaughn","10","25","106","0","8","50","1","0"
"Deuce Vaughn","9","19","73","0","7","86","1","0"
"Deuce Vaughn","8","22","158","1","4","18","1","0"
"Deuce Vaughn","7","12","83","1","4","38","0","0"
"Deuce Vaughn","6","10","23","0","2","14","0","0"
"Deuce Vaughn","5","23","170","0","1","11","0","0"
"Deuce Vaughn","4","25","116","0","2","13","0","0"
"Deuce Vaughn","3","20","81","0","8","30","0","0"
"Deuce Vaughn","2","24","145","2","1","4","0","0"
"Deuce Vaughn","1","18","126","1","1","2","0","0"
"Devon Achane","10","38","215","2","0","0","0","0"
"Devon Achane","9","16","122","2","3","1","1","0"
"Devon Achane","8","25","138","0","7","41","1","0"
"Devon Achane","7","20","99","1","7","57","0","0"
"Devon Achane","6","16","62","0","4","5","0","0"
"Devon Achane","5","16","111","0","6","21","0","0"
"Devon Achane","4","19","159","1","3","15","0","0"
"Devon Achane","3","18","88","0","4","42","1","0"
"Devon Achane","2","10","66","1","1","5","0","0"
"Devon Achane","1","18","42","1","1","9","0","0"
