"Player Name","Week","TAR","RECPT","REYD","RETD","REAVG","FPTS"
"Mike Evans","15","0","10","207","3","20","38"
"Mike Evans","14","0","3","29","0","9","2"
"Mike Evans","13","0","5","83","0","16","8"
"Mike Evans","12","0","4","44","0","11","4"
"Mike Evans","11","0","4","59","0","14","5"
"Mike Evans","10","0","2","31","0","15","3"
"Mike Evans","9","0","5","54","0","10","5"
"Mike Evans","8","0","5","40","0","8","4"
"Mike Evans","7","0","6","123","0","20","12"
"Mike Evans","6","0","9","96","0","10","9"
"Mike Evans","5","0","4","42","0","10","4"
"Mike Evans","4","0","4","81","0","20","8"
"Mike Evans","3","0","8","103","2","12","22"
"Mike Evans","2","0","3","61","0","20","6"
"Mike Evans","1","0","5","71","1","14","13"
"Drake London","17","0","6","120","0","20","12"
"Drake London","16","0","5","47","0","9","4"
"Drake London","15","0","7","96","0","13","7"
"Drake London","14","0","7","70","0","10","5"
"Drake London","13","0","6","95","0","15","9"
"Drake London","12","0","2","29","0","14","2"
"Drake London","11","0","1","2","1","2","6"
"Drake London","10","0","5","38","1","7","9"
"Drake London","9","0","3","23","0","7","0"
"Drake London","8","0","4","31","0","7","3"
"Drake London","7","0","1","9","0","9","0"
"Drake London","6","0","3","40","0","13","4"
"Drake London","5","0","4","35","0","8","3"
"Drake London","4","0","2","17","0","8","1"
"Drake London","3","0","3","54","1","18","11"
"Drake London","2","0","8","86","1","10","16"
"Drake London","1","0","5","74","0","14","7"
"Rondale Moore","13","0","0","0","0","0","0"
"Rondale Moore","12","0","0","0","0","0","0"
"Rondale Moore","11","0","0","0","0","0","0"
"Rondale Moore","10","0","9","94","0","10","9"
"Rondale Moore","9","0","8","69","0","8","6"
"Rondale Moore","8","0","7","92","1","13","16"
"Rondale Moore","7","0","1","31","0","31","3"
"Rondale Moore","6","0","6","49","0","8","4"
"Rondale Moore","5","0","7","68","0","9","6"
"Rondale Moore","4","0","3","11","0","3","1"
"Rondale Moore","3","0","0","0","0","0","0"
"Rondale Moore","2","0","0","0","0","0","0"
"Rondale Moore","1","0","0","0","0","0","0"
"Justin Jefferson","17","0","4","38","0","9","3"
"Justin Jefferson","16","0","1","15","0","15","1"
"Justin Jefferson","15","0","12","133","1","11","19"
"Justin Jefferson","14","0","12","123","1","10","18"
"Justin Jefferson","13","0","11","223","0","20","22"
"Justin Jefferson","12","0","7","45","1","6","11"
"Justin Jefferson","11","0","9","139","1","15","19"
"Justin Jefferson","10","0","3","33","0","11","3"
"Justin Jefferson","9","0","10","193","1","19","25"
"Justin Jefferson","8","0","7","115","1","16","18"
"Justin Jefferson","7","0","6","98","0","16","9"
"Justin Jefferson","6","0","6","107","0","17","10"
"Justin Jefferson","5","0","12","154","0","12","17"
"Justin Jefferson","4","0","10","147","0","14","20"
"Justin Jefferson","3","0","3","14","0","4","1"
"Justin Jefferson","2","0","6","48","0","8","4"
"Justin Jefferson","1","0","9","184","2","20","30"
"Treylon Burks","13","0","4","19","0","4","1"
"Treylon Burks","12","0","4","66","0","16","8"
"Treylon Burks","11","0","0","0","0","0","1"
"Treylon Burks","10","0","0","0","0","0","0"
"Treylon Burks","9","0","0","0","0","0","0"
"Treylon Burks","8","0","1","25","1","25","8"
"Treylon Burks","7","0","4","70","0","17","7"
"Treylon Burks","6","0","7","111","0","15","11"
"Treylon Burks","5","0","3","24","0","8","2"
"Treylon Burks","4","0","2","14","0","7","1"
"Treylon Burks","3","0","1","13","0","13","1"
"Treylon Burks","2","0","4","47","0","11","4"
"Treylon Burks","1","0","3","55","0","18","5"
"Tyreek Hill","17","0","2","23","0","11","2"
"Tyreek Hill","16","0","4","55","0","13","11"
"Tyreek Hill","15","0","4","103","0","25","10"
"Tyreek Hill","14","0","9","69","1","7","12"
"Tyreek Hill","13","0","4","81","1","20","14"
"Tyreek Hill","12","0","9","146","1","16","20"
"Tyreek Hill","11","0","6","85","0","14","8"
"Tyreek Hill","10","0","5","44","1","8","10"
"Tyreek Hill","9","0","7","143","1","20","20"
"Tyreek Hill","8","0","12","188","0","15","18"
"Tyreek Hill","7","0","7","72","0","10","7"
"Tyreek Hill","6","0","12","177","0","14","17"
"Tyreek Hill","5","0","7","47","0","6","5"
"Tyreek Hill","4","0","10","160","0","16","16"
"Tyreek Hill","3","0","2","33","0","16","3"
"Tyreek Hill","2","0","11","190","2","17","31"
"Tyreek Hill","1","0","8","94","0","11","9"
"Elijah Moore","17","0","1","11","0","11","1"
"Elijah Moore","16","0","2","18","0","9","1"
"Elijah Moore","15","0","2","15","0","7","1"
"Elijah Moore","14","0","4","51","0","12","5"
"Elijah Moore","13","0","6","60","0","10","6"
"Elijah Moore","12","0","2","7","0","3","1"
"Elijah Moore","11","0","2","64","1","32","12"
"Elijah Moore","10","0","2","17","0","8","1"
"Elijah Moore","9","0","0","0","0","0","0"
"Elijah Moore","8","0","0","0","0","0","0"
"Elijah Moore","7","0","0","0","0","0","0"
"Elijah Moore","6","0","0","0","0","0","0"
"Elijah Moore","5","0","1","11","0","11","1"
"Elijah Moore","4","0","3","53","0","17","5"
"Elijah Moore","3","0","4","49","0","12","4"
"Elijah Moore","2","0","3","41","0","13","4"
"Elijah Moore","1","0","5","49","0","9","4"
"Christian Kirk","17","0","6","99","1","16","15"
"Christian Kirk","16","0","2","21","0","10","2"
"Christian Kirk","15","0","3","22","0","7","2"
"Christian Kirk","14","0","6","92","0","15","9"
"Christian Kirk","13","0","5","45","0","9","4"
"Christian Kirk","12","0","6","104","0","17","10"
"Christian Kirk","11","0","4","46","0","11","4"
"Christian Kirk","10","0","9","105","2","11","22"
"Christian Kirk","9","0","8","76","1","9","13"
"Christian Kirk","8","0","3","40","0","13","4"
"Christian Kirk","7","0","7","96","0","13","9"
"Christian Kirk","6","0","4","24","1","6","6"
"Christian Kirk","5","0","1","11","0","11","1"
"Christian Kirk","4","0","2","60","0","30","6"
"Christian Kirk","3","0","6","72","1","12","13"
"Christian Kirk","2","0","6","78","2","13","19"
"Christian Kirk","1","0","6","117","0","19","11"
"Jamarr Chase","16","0","8","86","1","10","14"
"Jamarr Chase","15","0","8","79","0","9","5"
"Jamarr Chase","14","0","7","60","1","8","12"
"Jamarr Chase","13","0","10","119","1","11","17"
"Jamarr Chase","12","0","7","97","0","13","9"
"Jamarr Chase","11","0","0","0","0","0","0"
"Jamarr Chase","10","0","0","0","0","0","0"
"Jamarr Chase","9","0","0","0","0","0","0"
"Jamarr Chase","8","0","0","0","0","0","0"
"Jamarr Chase","7","0","8","130","2","16","25"
"Jamarr Chase","6","0","7","132","2","18","25"
"Jamarr Chase","5","0","7","50","0","7","5"
"Jamarr Chase","4","0","4","81","0","20","8"
"Jamarr Chase","3","0","6","29","1","4","6"
"Jamarr Chase","2","0","5","54","0","10","5"
"Jamarr Chase","1","0","10","129","1","12","18"
"Michael Thomas","8","0","0","0","0","0","0"
"Michael Thomas","7","0","0","0","0","0","0"
"Michael Thomas","6","0","0","0","0","0","0"
"Michael Thomas","5","0","0","0","0","0","0"
"Michael Thomas","4","0","0","0","0","0","0"
"Michael Thomas","3","0","5","49","0","9","4"
"Michael Thomas","2","0","6","65","1","10","12"
"Michael Thomas","1","0","5","57","2","11","17"
"Nathaniel Dell","12","0","9","161","1","17","0"
"Nathaniel Dell","11","0","9","176","1","19","0"
"Nathaniel Dell","10","0","12","98","1","8","0"
"Nathaniel Dell","9","0","13","180","2","13","0"
"Nathaniel Dell","8","0","9","112","2","12","0"
"Nathaniel Dell","7","0","8","93","2","11","0"
"Nathaniel Dell","6","0","10","81","1","8","0"
"Nathaniel Dell","5","0","8","73","2","9","0"
"Nathaniel Dell","4","0","7","134","1","19","0"
"Nathaniel Dell","3","0","6","76","0","12","0"
"Nathaniel Dell","2","0","7","120","0","17","0"
"Nathaniel Dell","1","0","5","50","2","10","0"
"Terry Mclaurin","17","0","3","74","1","24","13"
"Terry Mclaurin","16","0","2","25","0","12","3"
"Terry Mclaurin","15","0","4","77","1","19","13"
"Terry Mclaurin","14","0","6","70","0","11","7"
"Terry Mclaurin","13","0","8","105","1","13","16"
"Terry Mclaurin","12","0","4","48","0","12","4"
"Terry Mclaurin","11","0","4","55","0","13","5"
"Terry Mclaurin","10","0","8","128","0","16","12"
"Terry Mclaurin","9","0","5","56","0","11","5"
"Terry Mclaurin","8","0","6","113","0","18","11"
"Terry Mclaurin","7","0","5","73","1","14","13"
"Terry Mclaurin","6","0","3","41","0","13","5"
"Terry Mclaurin","5","0","5","76","0","15","7"
"Terry Mclaurin","4","0","2","15","0","7","1"
"Terry Mclaurin","3","0","6","102","0","17","10"
"Terry Mclaurin","2","0","4","75","0","18","7"
"Terry Mclaurin","1","0","2","58","1","29","11"
"Skyy Moore","17","0","0","0","0","0","0"
"Skyy Moore","16","0","3","33","0","11","3"
"Skyy Moore","15","0","1","5","0","5","0"
"Skyy Moore","14","0","0","0","0","0","1"
"Skyy Moore","13","0","1","7","0","7","0"
"Skyy Moore","12","0","0","0","0","0","1"
"Skyy Moore","11","0","5","36","0","7","1"
"Skyy Moore","10","0","5","63","0","12","6"
"Skyy Moore","9","0","1","6","0","6","0"
"Skyy Moore","8","0","0","0","0","0","0"
"Skyy Moore","7","0","0","0","0","0","2"
"Skyy Moore","6","0","1","24","0","24","2"
"Skyy Moore","5","0","2","15","0","7","1"
"Skyy Moore","4","0","2","31","0","15","3"
"Skyy Moore","3","0","0","0","0","0","2"
"Skyy Moore","2","0","0","0","0","0","0"
"Skyy Moore","1","0","1","30","0","30","3"
"Rashee Rice","12","0","13","147","1","11","0"
"Rashee Rice","11","0","6","41","0","6","0"
"Rashee Rice","10","0","6","99","1","16","0"
"Rashee Rice","9","0","9","86","2","9","0"
"Rashee Rice","8","0","9","180","2","20","0"
"Rashee Rice","7","0","4","41","0","10","0"
"Rashee Rice","6","0","3","74","0","24","0"
"Rashee Rice","5","0","12","122","0","10","0"
"Rashee Rice","4","0","6","74","1","12","0"
"Rashee Rice","3","0","11","193","0","17","0"
"Rashee Rice","2","0","9","132","2","14","0"
"Rashee Rice","1","0","8","166","1","20","0"
"Cooper Kupp","9","0","3","1","0","0","0"
"Cooper Kupp","8","0","8","127","1","15","18"
"Cooper Kupp","7","0","8","79","1","9","14"
"Cooper Kupp","6","0","7","80","0","11","9"
"Cooper Kupp","5","0","7","125","1","17","18"
"Cooper Kupp","4","0","14","122","0","8","12"
"Cooper Kupp","3","0","4","44","0","11","12"
"Cooper Kupp","2","0","11","108","2","9","20"
"Cooper Kupp","1","0","13","128","1","9","18"
"Ceedee Lamb","17","0","5","52","1","10","11"
"Ceedee Lamb","16","0","11","100","0","9","10"
"Ceedee Lamb","15","0","10","120","2","12","24"
"Ceedee Lamb","14","0","7","126","0","18","12"
"Ceedee Lamb","13","0","5","33","0","6","3"
"Ceedee Lamb","12","0","5","71","1","14","15"
"Ceedee Lamb","11","0","6","106","0","17","11"
"Ceedee Lamb","10","0","5","45","0","9","4"
"Ceedee Lamb","9","0","11","150","2","13","27"
"Ceedee Lamb","8","0","5","77","1","15","13"
"Ceedee Lamb","7","0","4","70","0","17","7"
"Ceedee Lamb","6","0","5","68","0","13","6"
"Ceedee Lamb","5","0","5","53","0","10","5"
"Ceedee Lamb","4","0","6","97","1","16","15"
"Ceedee Lamb","3","0","8","87","1","10","14"
"Ceedee Lamb","2","0","7","75","0","10","7"
"Ceedee Lamb","1","0","2","29","0","14","2"
"Romeo Doubs","17","0","0","0","0","0","0"
"Romeo Doubs","16","0","3","20","0","6","2"
"Romeo Doubs","15","0","3","36","0","12","3"
"Romeo Doubs","14","0","5","55","0","11","5"
"Romeo Doubs","13","0","0","0","0","0","0"
"Romeo Doubs","12","0","0","0","0","0","0"
"Romeo Doubs","11","0","0","0","0","0","0"
"Romeo Doubs","10","0","0","0","0","0","0"
"Romeo Doubs","9","0","1","18","0","18","1"
"Romeo Doubs","8","0","4","62","1","15","12"
"Romeo Doubs","7","0","0","0","0","0","0"
"Romeo Doubs","6","0","4","21","0","5","2"
"Romeo Doubs","5","0","3","29","0","9","2"
"Romeo Doubs","4","0","5","47","1","9","8"
"Romeo Doubs","3","0","8","73","1","9","13"
"Romeo Doubs","2","0","2","27","0","13","2"
"Romeo Doubs","1","0","4","37","0","9","4"
"Brandin Cooks","17","0","5","106","1","21","16"
"Brandin Cooks","16","0","4","39","0","9","3"
"Brandin Cooks","15","0","4","34","1","8","9"
"Brandin Cooks","14","0","0","0","0","0","0"
"Brandin Cooks","13","0","0","0","0","0","0"
"Brandin Cooks","12","0","0","0","0","0","0"
"Brandin Cooks","11","0","5","59","0","11","5"
"Brandin Cooks","10","0","3","70","0","23","7"
"Brandin Cooks","9","0","4","37","0","9","3"
"Brandin Cooks","8","0","0","0","0","0","0"
"Brandin Cooks","7","0","4","73","0","18","7"
"Brandin Cooks","6","0","4","46","0","11","4"
"Brandin Cooks","5","0","4","20","0","5","2"
"Brandin Cooks","4","0","7","57","1","8","11"
"Brandin Cooks","3","0","2","22","0","11","2"
"Brandin Cooks","2","0","4","54","0","13","5"
"Brandin Cooks","1","0","7","82","0","11","8"
"Juju Smithschuster","17","0","2","35","0","17","3"
"Juju Smithschuster","16","0","2","21","0","10","2"
"Juju Smithschuster","15","0","3","27","0","9","2"
"Juju Smithschuster","14","0","10","88","0","8","6"
"Juju Smithschuster","13","0","9","74","1","8","13"
"Juju Smithschuster","12","0","3","35","0","11","3"
"Juju Smithschuster","11","0","3","38","0","12","3"
"Juju Smithschuster","10","0","0","0","0","0","0"
"Juju Smithschuster","9","0","2","33","0","16","3"
"Juju Smithschuster","8","0","10","88","0","8","8"
"Juju Smithschuster","7","0","7","124","1","17","18"
"Juju Smithschuster","6","0","5","113","1","22","17"
"Juju Smithschuster","5","0","3","33","0","11","3"
"Juju Smithschuster","4","0","5","46","0","9","4"
"Juju Smithschuster","3","0","5","89","0","17","8"
"Juju Smithschuster","2","0","3","10","0","3","1"
"Juju Smithschuster","1","0","6","79","0","13","5"
"Nico Collins","14","0","0","0","0","0","0"
"Nico Collins","13","0","0","0","0","0","0"
"Nico Collins","12","0","3","35","1","11","9"
"Nico Collins","11","0","6","44","0","7","4"
"Nico Collins","10","0","5","48","0","9","4"
"Nico Collins","9","0","5","49","1","9","10"
"Nico Collins","8","0","0","0","0","0","0"
"Nico Collins","7","0","0","0","0","0","0"
"Nico Collins","6","0","3","33","0","11","3"
"Nico Collins","5","0","4","65","0","16","6"
"Nico Collins","4","0","3","82","0","27","8"
"Nico Collins","3","0","2","41","0","20","4"
"Nico Collins","2","0","4","58","0","14","5"
"Nico Collins","1","0","2","26","0","13","2"
"Jameson Williams","6","0","0","0","0","0","0"
"Jameson Williams","5","0","0","0","0","0","4"
"Jameson Williams","4","0","0","0","0","0","0"
"Jameson Williams","3","0","0","0","0","0","0"
"Jameson Williams","2","0","1","41","1","41","10"
"Jameson Williams","1","0","0","0","0","0","0"
"Van Jefferson","13","0","3","61","0","20","6"
"Van Jefferson","12","0","3","77","0","25","7"
"Van Jefferson","11","0","3","19","0","6","1"
"Van Jefferson","10","0","2","32","0","16","3"
"Van Jefferson","9","0","2","44","1","22","10"
"Van Jefferson","8","0","2","39","0","19","3"
"Van Jefferson","7","0","3","29","1","9","8"
"Van Jefferson","6","0","3","41","0","13","4"
"Van Jefferson","5","0","3","27","1","9","8"
"Van Jefferson","4","0","0","0","0","0","0"
"Van Jefferson","3","0","0","0","0","0","0"
"Van Jefferson","2","0","0","0","0","0","0"
"Van Jefferson","1","0","0","0","0","0","0"
"Dk Metcalf","17","0","3","40","0","13","4"
"Dk Metcalf","16","0","1","3","0","3","0"
"Dk Metcalf","15","0","7","81","0","11","8"
"Dk Metcalf","14","0","7","55","0","7","5"
"Dk Metcalf","13","0","5","71","1","14","13"
"Dk Metcalf","12","0","8","127","1","15","18"
"Dk Metcalf","11","0","11","90","0","8","9"
"Dk Metcalf","10","0","6","71","0","11","7"
"Dk Metcalf","9","0","5","37","1","7","9"
"Dk Metcalf","8","0","6","55","1","9","11"
"Dk Metcalf","7","0","1","12","0","12","1"
"Dk Metcalf","6","0","2","34","0","17","3"
"Dk Metcalf","5","0","5","88","1","17","12"
"Dk Metcalf","4","0","7","149","0","21","14"
"Dk Metcalf","3","0","5","64","1","12","12"
"Dk Metcalf","2","0","4","35","0","8","3"
"Dk Metcalf","1","0","7","36","0","5","1"
"Dj Moore","17","0","1","10","0","10","1"
"Dj Moore","16","0","6","117","1","19","17"
"Dj Moore","15","0","5","83","1","16","14"
"Dj Moore","14","0","5","73","1","14","13"
"Dj Moore","13","0","0","0","0","0","0"
"Dj Moore","12","0","4","103","1","25","16"
"Dj Moore","11","0","3","24","0","8","2"
"Dj Moore","10","0","4","29","0","7","2"
"Dj Moore","9","0","2","24","0","12","2"
"Dj Moore","8","0","6","152","1","25","21"
"Dj Moore","7","0","7","69","1","9","12"
"Dj Moore","6","0","3","7","0","2","0"
"Dj Moore","5","0","4","59","0","14","5"
"Dj Moore","4","0","6","50","0","8","6"
"Dj Moore","3","0","1","2","0","2","1"
"Dj Moore","2","0","3","43","1","14","10"
"Dj Moore","1","0","3","43","0","14","4"
"Jakobi Meyers","17","0","3","32","1","10","9"
"Jakobi Meyers","16","0","6","49","1","8","10"
"Jakobi Meyers","15","0","6","83","1","13","14"
"Jakobi Meyers","14","0","2","47","0","23","4"
"Jakobi Meyers","13","0","0","0","0","0","0"
"Jakobi Meyers","12","0","3","22","0","7","2"
"Jakobi Meyers","11","0","3","62","0","20","6"
"Jakobi Meyers","10","0","4","52","0","13","5"
"Jakobi Meyers","9","0","5","42","0","8","2"
"Jakobi Meyers","8","0","9","60","1","6","12"
"Jakobi Meyers","7","0","2","34","1","17","9"
"Jakobi Meyers","6","0","4","60","0","15","6"
"Jakobi Meyers","5","0","7","111","1","15","17"
"Jakobi Meyers","4","0","0","0","0","0","0"
"Jakobi Meyers","3","0","0","0","0","0","0"
"Jakobi Meyers","2","0","9","95","0","10","9"
"Jakobi Meyers","1","0","4","55","0","13","5"
"Tyler Lockett","17","0","4","54","1","13","11"
"Tyler Lockett","16","0","2","15","0","7","1"
"Tyler Lockett","15","0","0","0","0","0","0"
"Tyler Lockett","14","0","7","68","0","9","6"
"Tyler Lockett","13","0","5","60","1","12","12"
"Tyler Lockett","12","0","9","128","1","14","18"
"Tyler Lockett","11","0","3","68","1","22","12"
"Tyler Lockett","10","0","3","42","1","14","10"
"Tyler Lockett","9","0","5","67","1","13","12"
"Tyler Lockett","8","0","5","63","1","12","10"
"Tyler Lockett","7","0","7","45","0","6","4"
"Tyler Lockett","6","0","2","17","0","8","1"
"Tyler Lockett","5","0","5","104","2","20","22"
"Tyler Lockett","4","0","6","91","0","15","7"
"Tyler Lockett","3","0","9","76","0","8","7"
"Tyler Lockett","2","0","9","107","0","11","10"
"Tyler Lockett","1","0","3","28","0","9","2"
"Jayden Reed","11","0","6","36","0","6","0"
"Jayden Reed","10","0","4","52","0","13","0"
"Jayden Reed","9","0","4","90","1","22","0"
"Jayden Reed","8","0","5","68","1","13","0"
"Jayden Reed","7","0","4","17","0","4","0"
"Jayden Reed","6","0","9","117","1","13","0"
"Jayden Reed","5","0","4","67","1","16","0"
"Jayden Reed","4","0","7","61","1","8","0"
"Jayden Reed","3","0","4","21","0","5","0"
"Jayden Reed","2","0","6","76","0","12","0"
"Jayden Reed","1","0","2","31","0","15","0"
"Jahan Dotson","17","0","3","72","0","24","7"
"Jahan Dotson","16","0","3","37","0","12","3"
"Jahan Dotson","15","0","6","76","1","12","13"
"Jahan Dotson","14","0","4","105","1","26","16"
"Jahan Dotson","13","0","5","54","1","10","11"
"Jahan Dotson","12","0","0","0","0","0","0"
"Jahan Dotson","11","0","1","13","0","13","1"
"Jahan Dotson","10","0","1","14","0","14","1"
"Jahan Dotson","9","0","0","0","0","0","0"
"Jahan Dotson","8","0","0","0","0","0","0"
"Jahan Dotson","7","0","0","0","0","0","0"
"Jahan Dotson","6","0","0","0","0","0","0"
"Jahan Dotson","5","0","0","0","0","0","0"
"Jahan Dotson","4","0","3","43","1","14","10"
"Jahan Dotson","3","0","2","10","0","5","1"
"Jahan Dotson","2","0","4","59","1","14","13"
"Jahan Dotson","1","0","3","40","2","13","16"
"Marquise Brown","12","0","1","7","0","7","0"
"Marquise Brown","11","0","6","61","0","10","6"
"Marquise Brown","10","0","3","57","0","19","5"
"Marquise Brown","9","0","4","19","0","4","1"
"Marquise Brown","8","0","4","34","0","8","3"
"Marquise Brown","7","0","6","46","0","7","4"
"Marquise Brown","6","0","5","68","0","13","6"
"Marquise Brown","5","0","8","78","1","9","13"
"Marquise Brown","4","0","6","88","1","14","14"
"Marquise Brown","3","0","14","140","0","10","14"
"Marquise Brown","2","0","6","68","0","11","6"
"Marquise Brown","1","0","4","43","1","10","10"
"Jonathan Mingo","11","0","7","40","0","5","0"
"Jonathan Mingo","10","0","4","45","0","11","0"
"Jonathan Mingo","9","0","7","59","1","8","0"
"Jonathan Mingo","8","0","4","89","1","22","0"
"Jonathan Mingo","7","0","4","68","0","17","0"
"Jonathan Mingo","6","0","9","247","2","27","0"
"Jonathan Mingo","5","0","1","3","0","3","0"
"Jonathan Mingo","4","0","3","54","1","18","0"
"Jonathan Mingo","3","0","3","74","0","24","0"
"Jonathan Mingo","2","0","3","103","0","34","0"
"Jonathan Mingo","1","0","3","26","0","8","0"
"Jaylen Waddle","17","0","5","44","0","8","4"
"Jaylen Waddle","16","0","3","52","0","17","5"
"Jaylen Waddle","15","0","5","143","1","28","20"
"Jaylen Waddle","14","0","3","114","1","38","17"
"Jaylen Waddle","13","0","2","31","0","15","3"
"Jaylen Waddle","12","0","1","9","0","9","0"
"Jaylen Waddle","11","0","5","85","0","17","8"
"Jaylen Waddle","10","0","4","66","0","16","6"
"Jaylen Waddle","9","0","5","85","1","17","14"
"Jaylen Waddle","8","0","8","106","2","13","22"
"Jaylen Waddle","7","0","4","88","0","22","8"
"Jaylen Waddle","6","0","6","129","0","21","10"
"Jaylen Waddle","5","0","3","23","0","7","2"
"Jaylen Waddle","4","0","2","39","0","19","3"
"Jaylen Waddle","3","0","4","102","0","25","10"
"Jaylen Waddle","2","0","11","171","2","15","29"
"Jaylen Waddle","1","0","4","69","1","17","12"
"Darnell Mooney","12","0","0","0","0","0","0"
"Darnell Mooney","11","0","4","29","1","7","8"
"Darnell Mooney","10","0","4","57","0","14","5"
"Darnell Mooney","9","0","7","43","1","6","10"
"Darnell Mooney","8","0","5","70","0","14","7"
"Darnell Mooney","7","0","3","53","0","17","5"
"Darnell Mooney","6","0","7","68","0","9","6"
"Darnell Mooney","5","0","2","52","0","26","5"
"Darnell Mooney","4","0","4","94","0","23","9"
"Darnell Mooney","3","0","2","23","0","11","2"
"Darnell Mooney","2","0","1","4","0","4","0"
"Darnell Mooney","1","0","1","8","0","8","0"
"Davante Adams","17","0","5","73","0","14","7"
"Davante Adams","16","0","7","153","2","21","27"
"Davante Adams","15","0","2","15","0","7","1"
"Davante Adams","14","0","4","28","0","7","2"
"Davante Adams","13","0","3","71","0","23","7"
"Davante Adams","12","0","8","177","2","22","29"
"Davante Adams","11","0","7","74","0","10","7"
"Davante Adams","10","0","7","141","2","20","26"
"Davante Adams","9","0","9","126","1","14","18"
"Davante Adams","8","0","10","146","2","14","26"
"Davante Adams","7","0","1","3","0","3","0"
"Davante Adams","6","0","8","95","0","11","9"
"Davante Adams","5","0","3","124","2","41","24"
"Davante Adams","4","0","9","101","0","11","10"
"Davante Adams","3","0","5","36","1","7","9"
"Davante Adams","2","0","2","12","1","6","7"
"Davante Adams","1","0","10","141","1","14","20"
"Diontae Johnson","17","0","2","38","0","19","5"
"Diontae Johnson","16","0","2","35","0","17","3"
"Diontae Johnson","15","0","5","64","0","12","6"
"Diontae Johnson","14","0","10","98","0","9","9"
"Diontae Johnson","13","0","6","82","0","13","8"
"Diontae Johnson","12","0","5","60","0","12","6"
"Diontae Johnson","11","0","5","49","0","9","4"
"Diontae Johnson","10","0","4","21","0","5","2"
"Diontae Johnson","9","0","4","63","0","15","6"
"Diontae Johnson","8","0","5","35","0","7","3"
"Diontae Johnson","7","0","5","42","0","8","4"
"Diontae Johnson","6","0","5","28","0","5","2"
"Diontae Johnson","5","0","5","60","0","12","6"
"Diontae Johnson","4","0","2","11","0","5","2"
"Diontae Johnson","3","0","8","84","0","10","8"
"Diontae Johnson","2","0","6","57","0","9","7"
"Diontae Johnson","1","0","7","55","0","7","5"
"Jaxon Smithnjigba","3","0","1","7","0","7","0"
"Jaxon Smithnjigba","2","0","2","33","0","16","0"
"Jaxon Smithnjigba","1","0","2","3","0","1","0"
"Christian Watson","17","0","5","104","0","20","11"
"Christian Watson","16","0","1","11","0","11","1"
"Christian Watson","15","0","6","49","0","8","4"
"Christian Watson","14","0","4","46","0","11","4"
"Christian Watson","13","0","3","48","1","16","20"
"Christian Watson","12","0","4","110","1","27","17"
"Christian Watson","11","0","4","48","2","12","16"
"Christian Watson","10","0","4","107","3","26","28"
"Christian Watson","9","0","2","24","0","12","2"
"Christian Watson","8","0","1","12","0","12","1"
"Christian Watson","7","0","0","0","0","0","0"
"Christian Watson","6","0","0","0","0","0","0"
"Christian Watson","5","0","1","1","0","1","0"
"Christian Watson","4","0","1","8","0","8","7"
"Christian Watson","3","0","0","0","0","0","0"
"Christian Watson","2","0","3","9","0","3","0"
"Christian Watson","1","0","2","34","0","17","3"
"Chris Olave","17","0","5","60","1","12","10"
"Chris Olave","16","0","4","42","0","10","4"
"Chris Olave","15","0","0","0","0","0","0"
"Chris Olave","14","0","3","53","0","17","5"
"Chris Olave","13","0","4","65","0","16","6"
"Chris Olave","12","0","5","62","0","12","6"
"Chris Olave","11","0","5","102","1","20","16"
"Chris Olave","10","0","3","40","0","13","4"
"Chris Olave","9","0","6","71","0","11","7"
"Chris Olave","8","0","5","52","0","10","5"
"Chris Olave","7","0","7","106","0","15","10"
"Chris Olave","6","0","0","0","0","0","0"
"Chris Olave","5","0","4","54","1","13","11"
"Chris Olave","4","0","4","67","1","16","12"
"Chris Olave","3","0","9","147","0","16","14"
"Chris Olave","2","0","5","80","0","16","6"
"Chris Olave","1","0","3","41","0","13","6"
"Michael Pittman","17","0","3","30","1","10","9"
"Michael Pittman","16","0","6","41","1","6","10"
"Michael Pittman","15","0","4","39","0","9","3"
"Michael Pittman","14","0","10","60","0","6","9"
"Michael Pittman","13","0","2","16","0","8","1"
"Michael Pittman","12","0","7","61","1","8","12"
"Michael Pittman","11","0","6","75","0","12","7"
"Michael Pittman","10","0","7","53","0","7","5"
"Michael Pittman","9","0","3","22","0","7","2"
"Michael Pittman","8","0","7","53","0","7","5"
"Michael Pittman","7","0","6","58","0","9","3"
"Michael Pittman","6","0","13","134","0","10","13"
"Michael Pittman","5","0","5","59","0","11","5"
"Michael Pittman","4","0","3","31","0","10","3"
"Michael Pittman","3","0","8","72","0","9","7"
"Michael Pittman","2","0","0","0","0","0","0"
"Michael Pittman","1","0","9","121","1","13","18"
"Jerry Jeudy","17","0","5","154","0","30","18"
"Jerry Jeudy","16","0","7","38","0","5","3"
"Jerry Jeudy","15","0","6","117","0","19","11"
"Jerry Jeudy","14","0","7","76","0","10","7"
"Jerry Jeudy","13","0","8","73","3","9","25"
"Jerry Jeudy","12","0","4","65","0","16","6"
"Jerry Jeudy","11","0","0","0","0","0","0"
"Jerry Jeudy","10","0","0","0","0","0","0"
"Jerry Jeudy","9","0","0","0","0","0","0"
"Jerry Jeudy","8","0","6","63","1","10","12"
"Jerry Jeudy","7","0","7","96","0","13","9"
"Jerry Jeudy","6","0","3","54","0","18","5"
"Jerry Jeudy","5","0","3","53","0","17","5"
"Jerry Jeudy","4","0","4","53","1","13","11"
"Jerry Jeudy","3","0","2","17","0","8","1"
"Jerry Jeudy","2","0","1","11","0","11","1"
"Jerry Jeudy","1","0","4","102","1","25","16"
"Deandre Hopkins","11","0","0","0","0","0","0"
"Deandre Hopkins","10","0","0","0","0","0","0"
"Deandre Hopkins","9","0","1","4","0","4","0"
"Deandre Hopkins","8","0","7","60","0","8","6"
"Deandre Hopkins","7","0","7","79","0","11","5"
"Deandre Hopkins","6","0","4","87","1","21","14"
"Deandre Hopkins","5","0","9","91","0","10","9"
"Deandre Hopkins","4","0","10","98","0","9","9"
"Deandre Hopkins","3","0","4","36","1","9","9"
"Deandre Hopkins","2","0","12","159","1","13","21"
"Deandre Hopkins","1","0","10","103","0","10","10"
"Kadarius Toney","17","0","2","18","0","9","9"
"Kadarius Toney","16","0","4","71","0","17","5"
"Kadarius Toney","15","0","1","8","1","8","6"
"Kadarius Toney","14","0","1","5","0","5","0"
"Kadarius Toney","13","0","0","0","0","0","0"
"Kadarius Toney","12","0","0","0","0","0","0"
"Kadarius Toney","11","0","0","0","0","0","0"
"Kadarius Toney","10","0","0","0","0","0","0"
"Kadarius Toney","9","0","4","57","1","14","14"
"Kadarius Toney","8","0","2","12","0","6","1"
"Kadarius Toney","7","0","0","0","0","0","0"
"Kadarius Toney","6","0","0","0","0","0","0"
"Kadarius Toney","5","0","0","0","0","0","0"
"Kadarius Toney","4","0","0","0","0","0","0"
"Kadarius Toney","3","0","0","0","0","0","0"
"Kadarius Toney","2","0","2","0","0","0","0"
"Kadarius Toney","1","0","0","0","0","0","2"
"Rashod Bateman","8","0","0","0","0","0","0"
"Rashod Bateman","7","0","4","42","0","10","4"
"Rashod Bateman","6","0","0","0","0","0","0"
"Rashod Bateman","5","0","0","0","0","0","0"
"Rashod Bateman","4","0","3","17","0","5","1"
"Rashod Bateman","3","0","2","59","0","29","3"
"Rashod Bateman","2","0","4","108","1","27","16"
"Rashod Bateman","1","0","2","59","1","29","11"
"Amari Cooper","17","0","2","51","0","25","5"
"Amari Cooper","16","0","3","105","2","35","22"
"Amari Cooper","15","0","6","72","0","12","7"
"Amari Cooper","14","0","4","58","0","14","5"
"Amari Cooper","13","0","2","42","0","21","4"
"Amari Cooper","12","0","4","40","0","10","4"
"Amari Cooper","11","0","7","94","0","13","9"
"Amari Cooper","10","0","8","113","2","14","23"
"Amari Cooper","9","0","3","32","0","10","3"
"Amari Cooper","8","0","5","131","1","26","17"
"Amari Cooper","7","0","3","74","0","24","7"
"Amari Cooper","6","0","4","44","1","11","10"
"Amari Cooper","5","0","7","76","1","10","13"
"Amari Cooper","4","0","1","9","0","9","0"
"Amari Cooper","3","0","7","101","1","14","16"
"Amari Cooper","2","0","9","101","1","11","16"
"Amari Cooper","1","0","3","17","0","5","1"
"Keenan Allen","17","0","8","102","2","12","22"
"Keenan Allen","16","0","5","60","0","12","6"
"Keenan Allen","15","0","11","104","0","9","10"
"Keenan Allen","14","0","8","86","0","10","8"
"Keenan Allen","13","0","12","92","0","7","9"
"Keenan Allen","12","0","6","88","1","14","14"
"Keenan Allen","11","0","5","49","1","9","10"
"Keenan Allen","10","0","5","94","0","18","7"
"Keenan Allen","9","0","0","0","0","0","0"
"Keenan Allen","8","0","0","0","0","0","0"
"Keenan Allen","7","0","2","11","0","5","1"
"Keenan Allen","6","0","0","0","0","0","0"
"Keenan Allen","5","0","0","0","0","0","0"
"Keenan Allen","4","0","0","0","0","0","0"
"Keenan Allen","3","0","0","0","0","0","0"
"Keenan Allen","2","0","0","0","0","0","0"
"Keenan Allen","1","0","4","66","0","16","6"
"Devonta Smith","17","0","7","67","0","9","6"
"Devonta Smith","16","0","9","115","0","12","11"
"Devonta Smith","15","0","8","113","2","14","23"
"Devonta Smith","14","0","5","126","0","25","12"
"Devonta Smith","13","0","5","64","1","12","12"
"Devonta Smith","12","0","5","102","1","20","16"
"Devonta Smith","11","0","4","50","0","12","5"
"Devonta Smith","10","0","6","78","0","13","7"
"Devonta Smith","9","0","6","39","1","6","7"
"Devonta Smith","8","0","2","22","0","11","2"
"Devonta Smith","7","0","5","23","0","4","2"
"Devonta Smith","6","0","5","44","1","8","10"
"Devonta Smith","5","0","10","87","0","8","8"
"Devonta Smith","4","0","3","17","0","5","1"
"Devonta Smith","3","0","8","169","1","21","22"
"Devonta Smith","2","0","7","80","0","11","8"
"Devonta Smith","1","0","0","0","0","0","0"
"Deebo Samuel","17","0","2","20","0","10","2"
"Deebo Samuel","16","0","0","0","0","0","0"
"Deebo Samuel","15","0","0","0","0","0","0"
"Deebo Samuel","14","0","0","0","0","0","0"
"Deebo Samuel","13","0","4","43","0","10","10"
"Deebo Samuel","12","0","6","58","0","9","5"
"Deebo Samuel","11","0","3","43","0","14","4"
"Deebo Samuel","10","0","7","57","0","8","14"
"Deebo Samuel","9","0","2","24","0","12","4"
"Deebo Samuel","8","0","0","0","0","0","0"
"Deebo Samuel","7","0","5","42","0","8","4"
"Deebo Samuel","6","0","7","79","0","11","8"
"Deebo Samuel","5","0","2","20","1","10","9"
"Deebo Samuel","4","0","6","115","1","19","17"
"Deebo Samuel","3","0","5","73","0","14","7"
"Deebo Samuel","2","0","5","44","0","8","9"
"Deebo Samuel","1","0","2","14","0","7","10"
"Chris Godwin","17","0","6","55","0","9","3"
"Chris Godwin","16","0","9","120","0","13","12"
"Chris Godwin","15","0","8","63","0","7","6"
"Chris Godwin","14","0","8","83","1","10","14"
"Chris Godwin","13","0","5","54","0","10","5"
"Chris Godwin","12","0","8","63","0","7","6"
"Chris Godwin","11","0","12","110","1","9","17"
"Chris Godwin","10","0","6","71","1","11","13"
"Chris Godwin","9","0","7","36","0","5","3"
"Chris Godwin","8","0","6","75","0","12","7"
"Chris Godwin","7","0","7","43","0","6","4"
"Chris Godwin","6","0","6","95","0","15","9"
"Chris Godwin","5","0","6","61","0","10","6"
"Chris Godwin","4","0","7","59","0","8","5"
"Chris Godwin","3","0","0","0","0","0","0"
"Chris Godwin","2","0","0","0","0","0","0"
"Chris Godwin","1","0","3","35","0","11","3"
"Tee Higgins","16","0","1","7","0","7","0"
"Tee Higgins","15","0","8","128","1","16","18"
"Tee Higgins","14","0","5","33","1","6","11"
"Tee Higgins","13","0","0","0","0","0","0"
"Tee Higgins","12","0","3","35","1","11","9"
"Tee Higgins","11","0","7","114","1","16","17"
"Tee Higgins","10","0","9","148","0","16","14"
"Tee Higgins","9","0","7","60","0","8","6"
"Tee Higgins","8","0","3","49","1","16","10"
"Tee Higgins","7","0","5","93","0","18","9"
"Tee Higgins","6","0","6","47","0","7","4"
"Tee Higgins","5","0","0","0","0","0","0"
"Tee Higgins","4","0","7","124","1","17","18"
"Tee Higgins","3","0","5","93","0","18","9"
"Tee Higgins","2","0","6","71","1","11","13"
"Tee Higgins","1","0","2","27","0","13","2"
"Amonra St Brown","17","0","6","49","0","8","4"
"Amonra St Brown","16","0","4","62","0","15","6"
"Amonra St Brown","15","0","7","76","0","10","7"
"Amonra St Brown","14","0","7","76","0","10","7"
"Amonra St Brown","13","0","6","68","0","11","6"
"Amonra St Brown","12","0","11","114","2","10","23"
"Amonra St Brown","11","0","9","122","1","13","18"
"Amonra St Brown","10","0","7","76","0","10","7"
"Amonra St Brown","9","0","10","119","0","11","11"
"Amonra St Brown","8","0","4","55","0","13","5"
"Amonra St Brown","7","0","7","69","0","9","6"
"Amonra St Brown","6","0","1","4","0","4","0"
"Amonra St Brown","5","0","4","18","0","4","1"
"Amonra St Brown","4","0","0","0","0","0","0"
"Amonra St Brown","3","0","6","73","0","12","7"
"Amonra St Brown","2","0","9","116","2","12","29"
"Amonra St Brown","1","0","8","64","1","8","12"
"Mike Williams","17","0","4","32","0","8","3"
"Mike Williams","16","0","7","94","0","13","9"
"Mike Williams","15","0","4","76","0","19","7"
"Mike Williams","14","0","4","67","0","16","6"
"Mike Williams","13","0","6","116","1","19","17"
"Mike Williams","12","0","0","0","0","0","0"
"Mike Williams","11","0","0","0","0","0","0"
"Mike Williams","10","0","1","15","0","15","1"
"Mike Williams","9","0","0","0","0","0","0"
"Mike Williams","8","0","0","0","0","0","0"
"Mike Williams","7","0","7","86","1","12","14"
"Mike Williams","6","0","2","17","0","8","1"
"Mike Williams","5","0","10","134","0","13","13"
"Mike Williams","4","0","7","120","0","17","12"
"Mike Williams","3","0","1","15","1","15","7"
"Mike Williams","2","0","8","113","1","14","17"
"Mike Williams","1","0","2","10","0","5","1"
"Quentin Johnston","11","0","4","139","0","34","0"
"Quentin Johnston","10","0","4","48","0","12","0"
"Quentin Johnston","9","0","3","66","1","22","0"
"Quentin Johnston","8","0","4","76","1","19","0"
"Quentin Johnston","7","0","4","74","1","18","0"
"Quentin Johnston","6","0","8","180","1","22","0"
"Quentin Johnston","5","0","14","206","1","14","0"
"Quentin Johnston","4","0","4","41","0","10","0"
"Quentin Johnston","3","0","3","29","0","9","0"
"Quentin Johnston","2","0","2","22","0","11","0"
"Quentin Johnston","1","0","3","22","0","7","0"
"Marvin Mims","12","0","5","162","2","32","0"
"Marvin Mims","11","0","5","68","0","13","0"
"Marvin Mims","10","0","4","98","0","24","0"
"Marvin Mims","9","0","4","120","1","30","0"
"Marvin Mims","8","0","2","16","0","8","0"
"Marvin Mims","7","0","9","106","0","11","0"
"Marvin Mims","6","0","1","2","0","2","0"
"Marvin Mims","5","0","4","41","0","10","0"
"Marvin Mims","4","0","4","87","1","21","0"
"Marvin Mims","3","0","4","66","0","16","0"
"Marvin Mims","2","0","7","163","2","23","0"
"Marvin Mims","1","0","3","81","0","27","0"
"George Pickens","17","0","3","72","1","24","13"
"George Pickens","16","0","2","29","0","14","2"
"George Pickens","15","0","5","57","1","11","11"
"George Pickens","14","0","2","53","0","26","5"
"George Pickens","13","0","3","78","0","26","7"
"George Pickens","12","0","1","2","0","2","0"
"George Pickens","11","0","3","57","0","19","7"
"George Pickens","10","0","4","83","1","20","14"
"George Pickens","9","0","3","32","0","10","11"
"George Pickens","8","0","0","0","0","0","0"
"George Pickens","7","0","6","61","1","10","12"
"George Pickens","6","0","3","27","0","9","2"
"George Pickens","5","0","6","83","0","13","8"
"George Pickens","4","0","6","102","0","17","10"
"George Pickens","3","0","3","39","0","13","3"
"George Pickens","2","0","1","23","0","23","2"
"George Pickens","1","0","1","3","0","3","0"
"Brandon Aiyuk","17","0","4","59","0","14","5"
"Brandon Aiyuk","16","0","9","101","1","11","17"
"Brandon Aiyuk","15","0","5","81","0","16","8"
"Brandon Aiyuk","14","0","2","19","0","9","1"
"Brandon Aiyuk","13","0","2","57","1","28","11"
"Brandon Aiyuk","12","0","5","46","0","9","4"
"Brandon Aiyuk","11","0","5","65","0","13","6"
"Brandon Aiyuk","10","0","2","20","2","10","14"
"Brandon Aiyuk","9","0","6","84","0","14","6"
"Brandon Aiyuk","8","0","6","81","1","13","14"
"Brandon Aiyuk","7","0","7","82","0","11","8"
"Brandon Aiyuk","6","0","8","83","2","10","20"
"Brandon Aiyuk","5","0","3","58","0","19","5"
"Brandon Aiyuk","4","0","4","37","0","9","3"
"Brandon Aiyuk","3","0","3","39","1","13","9"
"Brandon Aiyuk","2","0","5","63","0","12","6"
"Brandon Aiyuk","1","0","2","40","0","20","4"
"Zay Flowers","12","0","8","110","2","13","0"
"Zay Flowers","11","0","3","46","0","15","0"
"Zay Flowers","10","0","7","130","2","18","0"
"Zay Flowers","9","0","6","65","2","10","0"
"Zay Flowers","8","0","2","35","0","17","0"
"Zay Flowers","7","0","10","135","1","13","0"
"Zay Flowers","6","0","8","75","0","9","0"
"Zay Flowers","5","0","5","151","2","30","0"
"Zay Flowers","4","0","7","45","0","6","0"
"Zay Flowers","3","0","8","89","1","11","0"
"Zay Flowers","2","0","4","79","0","19","0"
"Zay Flowers","1","0","10","117","2","11","0"
"Adam Thielen","17","0","2","8","1","4","6"
"Adam Thielen","16","0","1","16","0","16","1"
"Adam Thielen","15","0","1","6","0","6","0"
"Adam Thielen","14","0","3","41","1","13","10"
"Adam Thielen","13","0","7","65","1","9","12"
"Adam Thielen","12","0","2","27","0","13","2"
"Adam Thielen","11","0","9","61","1","6","12"
"Adam Thielen","10","0","2","25","0","12","2"
"Adam Thielen","9","0","5","49","0","9","4"
"Adam Thielen","8","0","3","67","0","22","6"
"Adam Thielen","7","0","6","67","0","11","6"
"Adam Thielen","6","0","4","36","1","9","11"
"Adam Thielen","5","0","4","27","0","6","2"
"Adam Thielen","4","0","8","72","0","9","7"
"Adam Thielen","3","0","6","61","1","10","12"
"Adam Thielen","2","0","4","52","0","13","5"
"Adam Thielen","1","0","3","36","0","12","3"
"Courtland Sutton","17","0","3","33","1","11","9"
"Courtland Sutton","16","0","4","44","0","11","4"
"Courtland Sutton","15","0","5","64","0","12","6"
"Courtland Sutton","14","0","0","0","0","0","0"
"Courtland Sutton","13","0","0","0","0","0","0"
"Courtland Sutton","12","0","0","0","0","0","0"
"Courtland Sutton","11","0","6","75","0","12","7"
"Courtland Sutton","10","0","5","80","0","16","8"
"Courtland Sutton","9","0","6","66","0","11","6"
"Courtland Sutton","8","0","1","13","0","13","1"
"Courtland Sutton","7","0","3","23","0","7","2"
"Courtland Sutton","6","0","2","14","0","7","1"
"Courtland Sutton","5","0","5","74","0","14","7"
"Courtland Sutton","4","0","5","52","1","10","11"
"Courtland Sutton","3","0","8","97","0","12","9"
"Courtland Sutton","2","0","7","122","0","17","12"
"Courtland Sutton","1","0","4","72","0","18","7"
"Dj Chark","13","0","3","14","0","4","1"
"Dj Chark","12","0","2","56","0","28","5"
"Dj Chark","11","0","4","108","0","27","10"
"Dj Chark","10","0","1","18","0","18","1"
"Dj Chark","9","0","6","94","1","15","15"
"Dj Chark","8","0","5","98","0","19","9"
"Dj Chark","7","0","2","16","1","8","7"
"Dj Chark","6","0","0","0","0","0","0"
"Dj Chark","5","0","0","0","0","0","0"
"Dj Chark","4","0","0","0","0","0","0"
"Dj Chark","3","0","3","46","0","15","4"
"Dj Chark","2","0","0","0","0","0","0"
"Dj Chark","1","0","4","52","1","13","11"
"Aj Brown","17","0","4","95","0","23","9"
"Aj Brown","16","0","4","97","1","24","15"
"Aj Brown","15","0","6","103","0","17","10"
"Aj Brown","14","0","9","181","0","20","18"
"Aj Brown","13","0","4","70","1","17","13"
"Aj Brown","12","0","8","119","2","14","23"
"Aj Brown","11","0","4","46","1","11","8"
"Aj Brown","10","0","5","60","0","12","4"
"Aj Brown","9","0","1","7","0","7","0"
"Aj Brown","8","0","4","59","1","14","11"
"Aj Brown","7","0","6","156","3","26","33"
"Aj Brown","6","0","5","67","1","13","12"
"Aj Brown","5","0","3","32","0","10","3"
"Aj Brown","4","0","5","95","0","19","9"
"Aj Brown","3","0","5","85","1","17","14"
"Aj Brown","2","0","5","69","0","13","6"
"Aj Brown","1","0","10","155","0","15","15"
"Garrett Wilson","17","0","9","89","0","9","8"
"Garrett Wilson","16","0","3","18","0","6","1"
"Garrett Wilson","15","0","4","30","0","7","1"
"Garrett Wilson","14","0","4","98","0","24","9"
"Garrett Wilson","13","0","6","78","0","13","7"
"Garrett Wilson","12","0","8","162","0","20","16"
"Garrett Wilson","11","0","5","95","2","19","21"
"Garrett Wilson","10","0","2","12","0","6","1"
"Garrett Wilson","9","0","8","92","0","11","9"
"Garrett Wilson","8","0","6","115","0","19","11"
"Garrett Wilson","7","0","4","24","0","6","2"
"Garrett Wilson","6","0","1","8","0","8","0"
"Garrett Wilson","5","0","3","27","0","9","2"
"Garrett Wilson","4","0","2","41","0","20","4"
"Garrett Wilson","3","0","6","60","0","10","6"
"Garrett Wilson","2","0","8","102","2","12","22"
"Garrett Wilson","1","0","4","52","0","13","5"
"Jordan Addison","11","0","5","65","0","13","0"
"Jordan Addison","10","0","3","45","0","15","0"
"Jordan Addison","9","0","11","178","1","16","0"
"Jordan Addison","8","0","1","2","0","2","0"
"Jordan Addison","7","0","7","106","1","15","0"
"Jordan Addison","6","0","3","37","0","12","0"
"Jordan Addison","5","0","8","105","0","13","0"
"Jordan Addison","4","0","3","42","1","14","0"
"Jordan Addison","3","0","6","69","1","11","0"
"Jordan Addison","2","0","7","172","2","24","0"
"Jordan Addison","1","0","5","54","2","10","0"
"Isaiah Hodgins","11","0","4","42","1","10","10"
"Isaiah Hodgins","10","0","8","89","1","11","14"
"Isaiah Hodgins","9","0","4","37","0","9","3"
"Isaiah Hodgins","8","0","4","38","1","9","11"
"Isaiah Hodgins","7","0","5","44","1","8","10"
"Isaiah Hodgins","6","0","3","31","0","10","3"
"Isaiah Hodgins","5","0","3","29","0","9","0"
"Isaiah Hodgins","4","0","2","41","0","20","4"
"Isaiah Hodgins","3","0","0","0","0","0","0"
"Isaiah Hodgins","2","0","0","0","0","0","0"
"Isaiah Hodgins","1","0","4","41","0","10","4"
"Stefon Diggs","16","0","7","104","1","14","16"
"Stefon Diggs","15","0","2","26","0","13","2"
"Stefon Diggs","14","0","5","60","0","12","6"
"Stefon Diggs","13","0","3","37","0","12","3"
"Stefon Diggs","12","0","7","92","1","13","15"
"Stefon Diggs","11","0","8","77","1","9","13"
"Stefon Diggs","10","0","4","48","1","12","10"
"Stefon Diggs","9","0","12","128","0","10","12"
"Stefon Diggs","8","0","5","93","0","18","9"
"Stefon Diggs","7","0","6","108","1","18","16"
"Stefon Diggs","6","0","10","148","1","14","20"
"Stefon Diggs","5","0","8","102","1","12","16"
"Stefon Diggs","4","0","4","62","0","15","6"
"Stefon Diggs","3","0","7","74","0","10","7"
"Stefon Diggs","2","0","12","148","3","12","32"
"Stefon Diggs","1","0","8","122","1","15","18"
"Gabe Davis","16","0","3","39","0","13","3"
"Gabe Davis","15","0","3","45","1","15","8"
"Gabe Davis","14","0","4","56","0","14","5"
"Gabe Davis","13","0","3","31","0","10","3"
"Gabe Davis","12","0","2","15","1","7","7"
"Gabe Davis","11","0","4","38","0","9","3"
"Gabe Davis","10","0","5","68","0","13","6"
"Gabe Davis","9","0","6","93","1","15","15"
"Gabe Davis","8","0","2","33","0","16","3"
"Gabe Davis","7","0","2","35","0","17","3"
"Gabe Davis","6","0","3","74","1","24","13"
"Gabe Davis","5","0","3","171","2","57","29"
"Gabe Davis","4","0","1","13","0","13","1"
"Gabe Davis","3","0","3","37","0","12","3"
"Gabe Davis","2","0","0","0","0","0","0"
"Gabe Davis","1","0","4","88","1","22","14"
